This is XeTeX, Version 3.14159265-2.6-0.99999 (TeX Live 2018) (preloaded format=xelatex 2018.12.10)  14 DEC 2018 08:05
entering extended mode
 restricted \write18 enabled.
 file:line:error style messages enabled.
 %&-line parsing enabled.
**PhD-Thesis-Lemenkova.tex
(./PhD-Thesis-Lemenkova.tex
LaTeX2e <2018-04-01> patch level 5
(/usr/local/texlive/2018/texmf-dist/tex/latex/base/report.cls
Document Class: report 2014/09/29 v1.4h Standard LaTeX document class
(/usr/local/texlive/2018/texmf-dist/tex/latex/base/size11.clo
File: size11.clo 2014/09/29 v1.4h Standard LaTeX file (size option)
)
\c@part=\count80
\c@chapter=\count81
\c@section=\count82
\c@subsection=\count83
\c@subsubsection=\count84
\c@paragraph=\count85
\c@subparagraph=\count86
\c@figure=\count87
\c@table=\count88
\abovecaptionskip=\skip41
\belowcaptionskip=\skip42
\bibindent=\dimen102
)
(/usr/local/texlive/2018/texmf-dist/tex/latex/base/inputenc.sty
Package: inputenc 2018/04/06 v1.3b Input encoding file
\inpenc@prehook=\toks14
\inpenc@posthook=\toks15


Package inputenc Warning: inputenc package ignored with utf8 based engines.

) (/usr/local/texlive/2018/texmf-dist/tex/latex/base/fontenc.sty
Package: fontenc 2017/04/05 v2.0i Standard LaTeX package

(/usr/local/texlive/2018/texmf-dist/tex/latex/cyrillic/t2aenc.def
File: t2aenc.def 2005/09/27 v1.0i Cyrillic encoding definition file
)
(/usr/local/texlive/2018/texmf-dist/tex/latex/base/t1enc.def
File: t1enc.def 2017/04/05 v2.0i Standard LaTeX file
LaTeX Font Info:    Redeclaring font encoding T1 on input line 48.
)
LaTeX Font Info:    Try loading font information for T1+lmr on input line 105.

(/usr/local/texlive/2018/texmf-dist/tex/latex/lm/t1lmr.fd
File: t1lmr.fd 2009/10/30 v1.6 Font defs for Latin Modern
))
(/usr/local/texlive/2018/texmf-dist/tex/generic/babel/babel.sty
Package: babel 2018/11/13 3.27 The Babel package

(/usr/local/texlive/2018/texmf-dist/tex/generic/babel/switch.def
File: switch.def 2018/11/13 3.27 Babel switching mechanism
)
(/usr/local/texlive/2018/texmf-dist/tex/generic/babel-english/english.ldf
Language: english 2017/06/06 v3.3r English support from the babel system

(/usr/local/texlive/2018/texmf-dist/tex/generic/babel/babel.def
File: babel.def 2018/11/13 3.27 Babel common definitions
\babel@savecnt=\count89
\U@D=\dimen103

(/usr/local/texlive/2018/texmf-dist/tex/generic/babel/xebabel.def
(/usr/local/texlive/2018/texmf-dist/tex/generic/babel/txtbabel.def))
\bbl@dirlevel=\count90
)
\l@canadian = a dialect from \language\l@american 
\l@australian = a dialect from \language\l@british 
\l@newzealand = a dialect from \language\l@british 
))
(/usr/local/texlive/2018/texmf-dist/tex/latex/graphics/color.sty
Package: color 2016/07/10 v1.1e Standard LaTeX Color (DPC)

(/usr/local/texlive/2018/texmf-dist/tex/latex/graphics-cfg/color.cfg
File: color.cfg 2016/01/02 v1.6 sample color configuration
)
Package color Info: Driver file: xetex.def on input line 147.

(/usr/local/texlive/2018/texmf-dist/tex/latex/graphics-def/xetex.def
File: xetex.def 2017/06/24 v5.0h Graphics/color driver for xetex
))
(/usr/local/texlive/2018/texmf-dist/tex/latex/truncate/truncate.sty
Package: truncate 2001/08/20  ver 3.6
\@Trunc@RestHyph=\toks16
)
(/usr/local/texlive/2018/texmf-dist/tex/latex/geometry/geometry.sty
Package: geometry 2018/04/16 v5.8 Page Geometry

(/usr/local/texlive/2018/texmf-dist/tex/latex/graphics/keyval.sty
Package: keyval 2014/10/28 v1.15 key=value parser (DPC)
\KV@toks@=\toks17
)
(/usr/local/texlive/2018/texmf-dist/tex/generic/oberdiek/ifpdf.sty
Package: ifpdf 2018/09/07 v3.3 Provides the ifpdf switch
)
(/usr/local/texlive/2018/texmf-dist/tex/generic/oberdiek/ifvtex.sty
Package: ifvtex 2016/05/16 v1.6 Detect VTeX and its facilities (HO)
Package ifvtex Info: VTeX not detected.
)
(/usr/local/texlive/2018/texmf-dist/tex/generic/ifxetex/ifxetex.sty
Package: ifxetex 2010/09/12 v0.6 Provides ifxetex conditional
)
\Gm@cnth=\count91
\Gm@cntv=\count92
\c@Gm@tempcnt=\count93
\Gm@bindingoffset=\dimen104
\Gm@wd@mp=\dimen105
\Gm@odd@mp=\dimen106
\Gm@even@mp=\dimen107
\Gm@layoutwidth=\dimen108
\Gm@layoutheight=\dimen109
\Gm@layouthoffset=\dimen110
\Gm@layoutvoffset=\dimen111
\Gm@dimlist=\toks18
)
(/usr/local/texlive/2018/texmf-dist/tex/latex/tools/calc.sty
Package: calc 2017/05/25 v4.3 Infix arithmetic (KKT,FJ)
\calc@Acount=\count94
\calc@Bcount=\count95
\calc@Adimen=\dimen112
\calc@Bdimen=\dimen113
\calc@Askip=\skip43
\calc@Bskip=\skip44
LaTeX Info: Redefining \setlength on input line 80.
LaTeX Info: Redefining \addtolength on input line 81.
\calc@Ccount=\count96
\calc@Cskip=\skip45
)
(/usr/local/texlive/2018/texmf-dist/tex/latex/float/float.sty
Package: float 2001/11/08 v1.3d Float enhancements (AL)
\c@float@type=\count97
\float@exts=\toks19
\float@box=\box26
\@float@everytoks=\toks20
\@floatcapt=\box27
)
\@float@every@figure=\toks21

(/usr/local/texlive/2018/texmf-dist/tex/latex/was/gensymb.sty
Package: gensymb 2003/07/02 v1.0 (WaS)
)
(/usr/local/texlive/2018/texmf-dist/tex/latex/amsmath/amsmath.sty
Package: amsmath 2017/09/02 v2.17a AMS math features
\@mathmargin=\skip46

For additional information on amsmath, use the `?' option.
(/usr/local/texlive/2018/texmf-dist/tex/latex/amsmath/amstext.sty
Package: amstext 2000/06/29 v2.01 AMS text

(/usr/local/texlive/2018/texmf-dist/tex/latex/amsmath/amsgen.sty
File: amsgen.sty 1999/11/30 v2.0 generic functions
\@emptytoks=\toks22
\ex@=\dimen114
))
(/usr/local/texlive/2018/texmf-dist/tex/latex/amsmath/amsbsy.sty
Package: amsbsy 1999/11/29 v1.2d Bold Symbols
\pmbraise@=\dimen115
)
(/usr/local/texlive/2018/texmf-dist/tex/latex/amsmath/amsopn.sty
Package: amsopn 2016/03/08 v2.02 operator names
)
\inf@bad=\count98
LaTeX Info: Redefining \frac on input line 213.
\uproot@=\count99
\leftroot@=\count100
LaTeX Info: Redefining \overline on input line 375.
\classnum@=\count101
\DOTSCASE@=\count102
LaTeX Info: Redefining \ldots on input line 472.
LaTeX Info: Redefining \dots on input line 475.
LaTeX Info: Redefining \cdots on input line 596.
\Mathstrutbox@=\box28
\strutbox@=\box29
\big@size=\dimen116
LaTeX Font Info:    Redeclaring font encoding OML on input line 712.
LaTeX Font Info:    Redeclaring font encoding OMS on input line 713.
\macc@depth=\count103
\c@MaxMatrixCols=\count104
\dotsspace@=\muskip10
\c@parentequation=\count105
\dspbrk@lvl=\count106
\tag@help=\toks23
\row@=\count107
\column@=\count108
\maxfields@=\count109
\andhelp@=\toks24
\eqnshift@=\dimen117
\alignsep@=\dimen118
\tagshift@=\dimen119
\tagwidth@=\dimen120
\totwidth@=\dimen121
\lineht@=\dimen122
\@envbody=\toks25
\multlinegap=\skip47
\multlinetaggap=\skip48
\mathdisplay@stack=\toks26
LaTeX Info: Redefining \[ on input line 2817.
LaTeX Info: Redefining \] on input line 2818.
)
(/usr/local/texlive/2018/texmf-dist/tex/latex/tocloft/tocloft.sty
Package: tocloft 2017/08/31 v2.3i parameterised ToC, etc., typesetting
Package tocloft Info: The document has chapter divisions on input line 51.
\cftparskip=\skip49
\cftbeforetoctitleskip=\skip50
\cftaftertoctitleskip=\skip51
\cftbeforepartskip=\skip52
\cftpartnumwidth=\skip53
\cftpartindent=\skip54
\cftbeforechapskip=\skip55
\cftchapindent=\skip56
\cftchapnumwidth=\skip57
\cftbeforesecskip=\skip58
\cftsecindent=\skip59
\cftsecnumwidth=\skip60
\cftbeforesubsecskip=\skip61
\cftsubsecindent=\skip62
\cftsubsecnumwidth=\skip63
\cftbeforesubsubsecskip=\skip64
\cftsubsubsecindent=\skip65
\cftsubsubsecnumwidth=\skip66
\cftbeforeparaskip=\skip67
\cftparaindent=\skip68
\cftparanumwidth=\skip69
\cftbeforesubparaskip=\skip70
\cftsubparaindent=\skip71
\cftsubparanumwidth=\skip72
\cftbeforeloftitleskip=\skip73
\cftafterloftitleskip=\skip74
\cftbeforefigskip=\skip75
\cftfigindent=\skip76
\cftfignumwidth=\skip77
\c@lofdepth=\count110
\c@lotdepth=\count111
\cftbeforelottitleskip=\skip78
\cftafterlottitleskip=\skip79
\cftbeforetabskip=\skip80
\cfttabindent=\skip81
\cfttabnumwidth=\skip82
)
(/usr/local/texlive/2018/texmf-dist/tex/latex/tools/longtable.sty
Package: longtable 2014/10/28 v4.11 Multi-page Table package (DPC)
\LTleft=\skip83
\LTright=\skip84
\LTpre=\skip85
\LTpost=\skip86
\LTchunksize=\count112
\LTcapwidth=\dimen123
\LT@head=\box30
\LT@firsthead=\box31
\LT@foot=\box32
\LT@lastfoot=\box33
\LT@cols=\count113
\LT@rows=\count114
\c@LT@tables=\count115
\c@LT@chunks=\count116
\LT@p@ftn=\toks27
)
(/usr/local/texlive/2018/texmf-dist/tex/latex/pslatex/pslatex.sty
Package: pslatex 1996/07/24 v1.2 pslatex emulation (DPC)
LaTeX Font Info:    Redeclaring symbol font `operators' on input line 65.
LaTeX Font Info:    Overwriting symbol font `operators' in version `normal'
(Font)                  OT1/cmr/m/n --> OT1/ptmcm/m/n on input line 65.
LaTeX Font Info:    Overwriting symbol font `operators' in version `bold'
(Font)                  OT1/cmr/bx/n --> OT1/ptmcm/m/n on input line 65.
LaTeX Font Info:    Redeclaring symbol font `letters' on input line 66.
LaTeX Font Info:    Overwriting symbol font `letters' in version `normal'
(Font)                  OML/cmm/m/it --> OML/ptmcm/m/it on input line 66.
LaTeX Font Info:    Overwriting symbol font `letters' in version `bold'
(Font)                  OML/cmm/b/it --> OML/ptmcm/m/it on input line 66.
LaTeX Font Info:    Redeclaring symbol font `symbols' on input line 67.
LaTeX Font Info:    Overwriting symbol font `symbols' in version `normal'
(Font)                  OMS/cmsy/m/n --> OMS/pzccm/m/n on input line 67.
LaTeX Font Info:    Overwriting symbol font `symbols' in version `bold'
(Font)                  OMS/cmsy/b/n --> OMS/pzccm/m/n on input line 67.
LaTeX Font Info:    Redeclaring symbol font `largesymbols' on input line 68.
LaTeX Font Info:    Overwriting symbol font `largesymbols' in version `normal'
(Font)                  OMX/cmex/m/n --> OMX/psycm/m/n on input line 68.
LaTeX Font Info:    Overwriting symbol font `largesymbols' in version `bold'
(Font)                  OMX/cmex/m/n --> OMX/psycm/m/n on input line 68.
\symbold=\mathgroup4
\symitalic=\mathgroup5
LaTeX Font Info:    Redeclaring math alphabet \mathbf on input line 74.
LaTeX Font Info:    Overwriting math alphabet `\mathbf' in version `normal'
(Font)                  OT1/cmr/bx/n --> OT1/ptm/bx/n on input line 74.
LaTeX Font Info:    Overwriting math alphabet `\mathbf' in version `bold'
(Font)                  OT1/cmr/bx/n --> OT1/ptm/bx/n on input line 74.
LaTeX Font Info:    Redeclaring math alphabet \mathit on input line 75.
LaTeX Font Info:    Overwriting math alphabet `\mathit' in version `normal'
(Font)                  OT1/cmr/m/it --> OT1/ptm/m/it on input line 75.
LaTeX Font Info:    Overwriting math alphabet `\mathit' in version `bold'
(Font)                  OT1/cmr/bx/it --> OT1/ptm/m/it on input line 75.
)
(/usr/local/texlive/2018/texmf-dist/tex/latex/graphics/graphics.sty
Package: graphics 2017/06/25 v1.2c Standard LaTeX Graphics (DPC,SPQR)

(/usr/local/texlive/2018/texmf-dist/tex/latex/graphics/trig.sty
Package: trig 2016/01/03 v1.10 sin cos tan (DPC)
)
(/usr/local/texlive/2018/texmf-dist/tex/latex/graphics-cfg/graphics.cfg
File: graphics.cfg 2016/06/04 v1.11 sample graphics configuration
)
Package graphics Info: Driver file: xetex.def on input line 99.
)
(/usr/local/texlive/2018/texmf-dist/tex/latex/graphics/graphicx.sty
Package: graphicx 2017/06/01 v1.1a Enhanced LaTeX Graphics (DPC,SPQR)
\Gin@req@height=\dimen124
\Gin@req@width=\dimen125
)
(/usr/local/texlive/2018/texmf-dist/tex/latex/paralist/paralist.sty
Package: paralist 2017/01/22 v2.7 Extended list environments
\pltopsep=\skip87
\plpartopsep=\skip88
\plitemsep=\skip89
\plparsep=\skip90
\pl@lab=\toks28
)
(/usr/local/texlive/2018/texmf-dist/tex/latex/wrapfig/wrapfig.sty
\wrapoverhang=\dimen126
\WF@size=\dimen127
\c@WF@wrappedlines=\count117
\WF@box=\box34
\WF@everypar=\toks29
Package: wrapfig 2003/01/31  v 3.6
)
(/usr/local/texlive/2018/texmf-dist/tex/latex/preprint/authblk.sty
Package: authblk 2001/02/27 1.3 (PWD)
\affilsep=\skip91
\@affilsep=\skip92
\c@Maxaffil=\count118
\c@authors=\count119
\c@affil=\count120
)
(/usr/local/texlive/2018/texmf-dist/tex/latex/footmisc/footmisc.sty
Package: footmisc 2011/06/06 v5.5b a miscellany of footnote facilities
\FN@temptoken=\toks30
\footnotemargin=\dimen128
\c@pp@next@reset=\count121
Package footmisc Info: Declaring symbol style bringhurst on input line 855.
Package footmisc Info: Declaring symbol style chicago on input line 863.
Package footmisc Info: Declaring symbol style wiley on input line 872.
Package footmisc Info: Declaring symbol style lamport-robust on input line 883.

Package footmisc Info: Declaring symbol style lamport* on input line 903.
Package footmisc Info: Declaring symbol style lamport*-robust on input line 924
.
)
(/usr/local/texlive/2018/texmf-dist/tex/latex/fancyhdr/fancyhdr.sty
Package: fancyhdr 2017/06/30 v3.9a Extensive control of page headers and footer
s
\f@nch@headwidth=\skip93
\f@nch@O@elh=\skip94
\f@nch@O@erh=\skip95
\f@nch@O@olh=\skip96
\f@nch@O@orh=\skip97
\f@nch@O@elf=\skip98
\f@nch@O@erf=\skip99
\f@nch@O@olf=\skip100
\f@nch@O@orf=\skip101
)
(/usr/local/texlive/2018/texmf-dist/tex/latex/lastpage/lastpage.sty
Package: lastpage 2015/03/29 v1.2m Refers to last page's name (HMM; JPG)
)
(/usr/local/texlive/2018/texmf-dist/tex/latex/subfig/subfig.sty
Package: subfig 2005/06/28 ver: 1.3 subfig package

(/usr/local/texlive/2018/texmf-dist/tex/latex/caption/caption.sty
Package: caption 2018/10/06 v3.3-154 Customizing captions (AR)

(/usr/local/texlive/2018/texmf-dist/tex/latex/caption/caption3.sty
Package: caption3 2018/09/12 v1.8c caption3 kernel (AR)
Package caption3 Info: TeX engine: e-TeX on input line 64.
\captionmargin=\dimen129
\captionmargin@=\dimen130
\captionwidth=\dimen131
\caption@tempdima=\dimen132
\caption@indent=\dimen133
\caption@parindent=\dimen134
\caption@hangindent=\dimen135
)
\c@caption@flags=\count122
\c@ContinuedFloat=\count123
Package caption Info: float package is loaded.
Package caption Info: longtable package is loaded.

(/usr/local/texlive/2018/texmf-dist/tex/latex/caption/ltcaption.sty
Package: ltcaption 2018/08/26 v1.4-95 longtable captions (AR)
)
Package caption Info: wrapfig package is loaded.
)
\c@KVtest=\count124
\sf@farskip=\skip102
\sf@captopadj=\dimen136
\sf@capskip=\skip103
\sf@nearskip=\skip104
\c@subfigure=\count125
\c@subfigure@save=\count126
\c@subtable=\count127
\c@subtable@save=\count128
\sf@top=\skip105
\sf@bottom=\skip106
)
(/usr/local/texlive/2018/texmf-dist/tex/latex/appendix/appendix.sty
Package: appendix 2009/09/02 v1.2b extra appendix facilities
\c@@pps=\count129
\c@@ppsavesec=\count130
\c@@ppsaveapp=\count131
)
(/usr/local/texlive/2018/texmf-dist/tex/latex/setspace/setspace.sty
Package: setspace 2011/12/19 v6.7a set line spacing
)
(/usr/local/texlive/2018/texmf-dist/tex/latex/acronym/acronym.sty
Package: acronym 2015/03/21 v1.41 Support for acronyms (Tobias Oetiker)

(/usr/local/texlive/2018/texmf-dist/tex/latex/bigfoot/suffix.sty
Package: suffix 2006/07/15 1.5a Variant command support
)
(/usr/local/texlive/2018/texmf-dist/tex/generic/xstring/xstring.sty
(/usr/local/texlive/2018/texmf-dist/tex/generic/xstring/xstring.tex
\integerpart=\count132
Invalid UTF-8 byte or sequence at line 35 replaced by U+FFFD.
\decimalpart=\count133
Invalid UTF-8 byte or sequence at line 79 replaced by U+FFFD.
Invalid UTF-8 byte or sequence at line 79 replaced by U+FFFD.
Invalid UTF-8 byte or sequence at line 83 replaced by U+FFFD.
Invalid UTF-8 byte or sequence at line 86 replaced by U+FFFD.
Invalid UTF-8 byte or sequence at line 102 replaced by U+FFFD.
Invalid UTF-8 byte or sequence at line 114 replaced by U+FFFD.
Invalid UTF-8 byte or sequence at line 120 replaced by U+FFFD.
Invalid UTF-8 byte or sequence at line 125 replaced by U+FFFD.
Invalid UTF-8 byte or sequence at line 147 replaced by U+FFFD.
Invalid UTF-8 byte or sequence at line 147 replaced by U+FFFD.
Invalid UTF-8 byte or sequence at line 147 replaced by U+FFFD.
Invalid UTF-8 byte or sequence at line 182 replaced by U+FFFD.
Invalid UTF-8 byte or sequence at line 182 replaced by U+FFFD.
Invalid UTF-8 byte or sequence at line 182 replaced by U+FFFD.
Invalid UTF-8 byte or sequence at line 183 replaced by U+FFFD.
Invalid UTF-8 byte or sequence at line 184 replaced by U+FFFD.
Invalid UTF-8 byte or sequence at line 185 replaced by U+FFFD.
Invalid UTF-8 byte or sequence at line 185 replaced by U+FFFD.
Invalid UTF-8 byte or sequence at line 185 replaced by U+FFFD.
Invalid UTF-8 byte or sequence at line 189 replaced by U+FFFD.
Invalid UTF-8 byte or sequence at line 189 replaced by U+FFFD.
Invalid UTF-8 byte or sequence at line 190 replaced by U+FFFD.
Invalid UTF-8 byte or sequence at line 190 replaced by U+FFFD.
Invalid UTF-8 byte or sequence at line 193 replaced by U+FFFD.
Invalid UTF-8 byte or sequence at line 208 replaced by U+FFFD.
Invalid UTF-8 byte or sequence at line 208 replaced by U+FFFD.
Invalid UTF-8 byte or sequence at line 208 replaced by U+FFFD.
Invalid UTF-8 byte or sequence at line 208 replaced by U+FFFD.
Invalid UTF-8 byte or sequence at line 208 replaced by U+FFFD.
Invalid UTF-8 byte or sequence at line 208 replaced by U+FFFD.
Invalid UTF-8 byte or sequence at line 221 replaced by U+FFFD.
Invalid UTF-8 byte or sequence at line 221 replaced by U+FFFD.
Invalid UTF-8 byte or sequence at line 241 replaced by U+FFFD.
Invalid UTF-8 byte or sequence at line 241 replaced by U+FFFD.
Invalid UTF-8 byte or sequence at line 241 replaced by U+FFFD.
Invalid UTF-8 byte or sequence at line 241 replaced by U+FFFD.
Invalid UTF-8 byte or sequence at line 266 replaced by U+FFFD.
Invalid UTF-8 byte or sequence at line 284 replaced by U+FFFD.
Invalid UTF-8 byte or sequence at line 295 replaced by U+FFFD.
Invalid UTF-8 byte or sequence at line 300 replaced by U+FFFD.
Invalid UTF-8 byte or sequence at line 300 replaced by U+FFFD.
Invalid UTF-8 byte or sequence at line 301 replaced by U+FFFD.
Invalid UTF-8 byte or sequence at line 301 replaced by U+FFFD.
Invalid UTF-8 byte or sequence at line 301 replaced by U+FFFD.
Invalid UTF-8 byte or sequence at line 302 replaced by U+FFFD.
Invalid UTF-8 byte or sequence at line 303 replaced by U+FFFD.
Invalid UTF-8 byte or sequence at line 332 replaced by U+FFFD.
Invalid UTF-8 byte or sequence at line 332 replaced by U+FFFD.
Invalid UTF-8 byte or sequence at line 332 replaced by U+FFFD.
Invalid UTF-8 byte or sequence at line 332 replaced by U+FFFD.
Invalid UTF-8 byte or sequence at line 333 replaced by U+FFFD.
Invalid UTF-8 byte or sequence at line 334 replaced by U+FFFD.
Invalid UTF-8 byte or sequence at line 334 replaced by U+FFFD.
Invalid UTF-8 byte or sequence at line 334 replaced by U+FFFD.
Invalid UTF-8 byte or sequence at line 406 replaced by U+FFFD.
Invalid UTF-8 byte or sequence at line 406 replaced by U+FFFD.
Invalid UTF-8 byte or sequence at line 409 replaced by U+FFFD.
Invalid UTF-8 byte or sequence at line 410 replaced by U+FFFD.
Invalid UTF-8 byte or sequence at line 428 replaced by U+FFFD.
Invalid UTF-8 byte or sequence at line 434 replaced by U+FFFD.
Invalid UTF-8 byte or sequence at line 457 replaced by U+FFFD.
Invalid UTF-8 byte or sequence at line 457 replaced by U+FFFD.
Invalid UTF-8 byte or sequence at line 464 replaced by U+FFFD.
Invalid UTF-8 byte or sequence at line 464 replaced by U+FFFD.
Invalid UTF-8 byte or sequence at line 466 replaced by U+FFFD.
Invalid UTF-8 byte or sequence at line 466 replaced by U+FFFD.
Invalid UTF-8 byte or sequence at line 541 replaced by U+FFFD.
Invalid UTF-8 byte or sequence at line 541 replaced by U+FFFD.
Invalid UTF-8 byte or sequence at line 541 replaced by U+FFFD.
Invalid UTF-8 byte or sequence at line 586 replaced by U+FFFD.
Invalid UTF-8 byte or sequence at line 586 replaced by U+FFFD.
Invalid UTF-8 byte or sequence at line 588 replaced by U+FFFD.
Invalid UTF-8 byte or sequence at line 588 replaced by U+FFFD.
Invalid UTF-8 byte or sequence at line 595 replaced by U+FFFD.
Invalid UTF-8 byte or sequence at line 597 replaced by U+FFFD.
Invalid UTF-8 byte or sequence at line 599 replaced by U+FFFD.
Invalid UTF-8 byte or sequence at line 602 replaced by U+FFFD.
Invalid UTF-8 byte or sequence at line 605 replaced by U+FFFD.
Invalid UTF-8 byte or sequence at line 605 replaced by U+FFFD.
Invalid UTF-8 byte or sequence at line 610 replaced by U+FFFD.
Invalid UTF-8 byte or sequence at line 615 replaced by U+FFFD.
Invalid UTF-8 byte or sequence at line 637 replaced by U+FFFD.
Invalid UTF-8 byte or sequence at line 639 replaced by U+FFFD.
Invalid UTF-8 byte or sequence at line 641 replaced by U+FFFD.
Invalid UTF-8 byte or sequence at line 648 replaced by U+FFFD.
Invalid UTF-8 byte or sequence at line 654 replaced by U+FFFD.
Invalid UTF-8 byte or sequence at line 679 replaced by U+FFFD.
Invalid UTF-8 byte or sequence at line 701 replaced by U+FFFD.
Invalid UTF-8 byte or sequence at line 706 replaced by U+FFFD.
Invalid UTF-8 byte or sequence at line 716 replaced by U+FFFD.
Invalid UTF-8 byte or sequence at line 716 replaced by U+FFFD.
Invalid UTF-8 byte or sequence at line 716 replaced by U+FFFD.
Invalid UTF-8 byte or sequence at line 720 replaced by U+FFFD.
Invalid UTF-8 byte or sequence at line 733 replaced by U+FFFD.
Invalid UTF-8 byte or sequence at line 733 replaced by U+FFFD.
Invalid UTF-8 byte or sequence at line 742 replaced by U+FFFD.
Invalid UTF-8 byte or sequence at line 742 replaced by U+FFFD.
Invalid UTF-8 byte or sequence at line 743 replaced by U+FFFD.
Invalid UTF-8 byte or sequence at line 743 replaced by U+FFFD.
Invalid UTF-8 byte or sequence at line 763 replaced by U+FFFD.
Invalid UTF-8 byte or sequence at line 774 replaced by U+FFFD.
Invalid UTF-8 byte or sequence at line 774 replaced by U+FFFD.
Invalid UTF-8 byte or sequence at line 775 replaced by U+FFFD.
Invalid UTF-8 byte or sequence at line 775 replaced by U+FFFD.
Invalid UTF-8 byte or sequence at line 775 replaced by U+FFFD.
Invalid UTF-8 byte or sequence at line 798 replaced by U+FFFD.
Invalid UTF-8 byte or sequence at line 798 replaced by U+FFFD.
Invalid UTF-8 byte or sequence at line 811 replaced by U+FFFD.
Invalid UTF-8 byte or sequence at line 825 replaced by U+FFFD.
Invalid UTF-8 byte or sequence at line 825 replaced by U+FFFD.
Invalid UTF-8 byte or sequence at line 832 replaced by U+FFFD.
Invalid UTF-8 byte or sequence at line 839 replaced by U+FFFD.
Invalid UTF-8 byte or sequence at line 839 replaced by U+FFFD.
Invalid UTF-8 byte or sequence at line 847 replaced by U+FFFD.
Invalid UTF-8 byte or sequence at line 847 replaced by U+FFFD.
Invalid UTF-8 byte or sequence at line 862 replaced by U+FFFD.
Invalid UTF-8 byte or sequence at line 863 replaced by U+FFFD.
Invalid UTF-8 byte or sequence at line 865 replaced by U+FFFD.
Invalid UTF-8 byte or sequence at line 865 replaced by U+FFFD.
Invalid UTF-8 byte or sequence at line 909 replaced by U+FFFD.
Invalid UTF-8 byte or sequence at line 910 replaced by U+FFFD.
Invalid UTF-8 byte or sequence at line 910 replaced by U+FFFD.
Invalid UTF-8 byte or sequence at line 935 replaced by U+FFFD.
Invalid UTF-8 byte or sequence at line 935 replaced by U+FFFD.
Invalid UTF-8 byte or sequence at line 937 replaced by U+FFFD.
Invalid UTF-8 byte or sequence at line 937 replaced by U+FFFD.
Invalid UTF-8 byte or sequence at line 941 replaced by U+FFFD.
Invalid UTF-8 byte or sequence at line 941 replaced by U+FFFD.
Invalid UTF-8 byte or sequence at line 963 replaced by U+FFFD.
Invalid UTF-8 byte or sequence at line 963 replaced by U+FFFD.
Invalid UTF-8 byte or sequence at line 965 replaced by U+FFFD.
Invalid UTF-8 byte or sequence at line 966 replaced by U+FFFD.
Invalid UTF-8 byte or sequence at line 1007 replaced by U+FFFD.
)
Package: xstring 2018/12/07 v1.8 String manipulations (CT)
)
\AC@clearlist=\toks31
)
(/usr/local/texlive/2018/texmf-dist/tex/latex/graphics/rotating.sty
Package: rotating 2016/08/11 v2.16d rotated objects in LaTeX

(/usr/local/texlive/2018/texmf-dist/tex/latex/base/ifthen.sty
Package: ifthen 2014/09/29 v1.1c Standard LaTeX ifthen package (DPC)
)
\c@r@tfl@t=\count134
\rotFPtop=\skip107
\rotFPbot=\skip108
\rot@float@box=\box35
\rot@mess@toks=\toks32
)
(/usr/local/texlive/2018/texmf-dist/tex/latex/xcolor/xcolor.sty
Package: xcolor 2016/05/11 v2.12 LaTeX color extensions (UK)

(/usr/local/texlive/2018/texmf-dist/tex/latex/graphics-cfg/color.cfg
File: color.cfg 2016/01/02 v1.6 sample color configuration
)
Package xcolor Info: Driver file: xetex.def on input line 225.

(/usr/local/texlive/2018/texmf-dist/tex/latex/colortbl/colortbl.sty
Package: colortbl 2018/05/02 v1.0c Color table columns (DPC)

(/usr/local/texlive/2018/texmf-dist/tex/latex/tools/array.sty
Package: array 2018/04/30 v2.4h Tabular extension package (FMi)
\col@sep=\dimen137
\ar@mcellbox=\box36
\extrarowheight=\dimen138
\NC@list=\toks33
\extratabsurround=\skip109
\backup@length=\skip110
\ar@cellbox=\box37
)
\everycr=\toks34
\minrowclearance=\skip111
)
LaTeX Info: Redefining \color on input line 709.
\rownum=\count135
Package xcolor Info: Model `cmy' substituted by `cmy0' on input line 1348.
Package xcolor Info: Model `RGB' extended on input line 1364.
Package xcolor Info: Model `HTML' substituted by `rgb' on input line 1366.
Package xcolor Info: Model `Hsb' substituted by `hsb' on input line 1367.
Package xcolor Info: Model `tHsb' substituted by `hsb' on input line 1368.
Package xcolor Info: Model `HSB' substituted by `hsb' on input line 1369.
Package xcolor Info: Model `Gray' substituted by `gray' on input line 1370.
Package xcolor Info: Model `wave' substituted by `hsb' on input line 1371.

(/usr/local/texlive/2018/texmf-dist/tex/latex/xcolor/svgnam.def
File: svgnam.def 2016/05/11 v2.12 Predefined colors according to SVG 1.1 (UK)
))
(/usr/local/texlive/2018/texmf-dist/tex/generic/genmisc/nth.sty
Package: nth 2002/02/27
)
(/usr/local/texlive/2018/texmf-dist/tex/latex/tools/verbatim.sty
Package: verbatim 2014/10/28 v1.5q LaTeX2e package for verbatim enhancements
\every@verbatim=\toks35
\verbatim@line=\toks36
\verbatim@in@stream=\read1
)
(/usr/local/texlive/2018/texmf-dist/tex/latex/tools/multicol.sty
Package: multicol 2018/04/20 v1.8s multicolumn formatting (FMi)
\c@tracingmulticols=\count136
\mult@box=\box38
\multicol@leftmargin=\dimen139
\c@unbalance=\count137
\c@collectmore=\count138
\doublecol@number=\count139
\multicoltolerance=\count140
\multicolpretolerance=\count141
\full@width=\dimen140
\page@free=\dimen141
\premulticols=\dimen142
\postmulticols=\dimen143
\multicolsep=\skip112
\multicolbaselineskip=\skip113
\partial@page=\box39
\last@line=\box40
\maxbalancingoverflow=\dimen144
\mult@rightbox=\box41
\mult@grightbox=\box42
\mult@gfirstbox=\box43
\mult@firstbox=\box44
\@tempa=\box45
\@tempa=\box46
\@tempa=\box47
\@tempa=\box48
\@tempa=\box49
\@tempa=\box50
\@tempa=\box51
\@tempa=\box52
\@tempa=\box53
\@tempa=\box54
\@tempa=\box55
\@tempa=\box56
\@tempa=\box57
\@tempa=\box58
\@tempa=\box59
\@tempa=\box60
\@tempa=\box61
\c@columnbadness=\count142
\c@finalcolumnbadness=\count143
\last@try=\dimen145
\multicolovershoot=\dimen146
\multicolundershoot=\dimen147
\mult@nat@firstbox=\box62
\colbreak@box=\box63
\mc@col@check@num=\count144
)
(/usr/local/texlive/2018/texmf-dist/tex/latex/base/textcomp.sty
Package: textcomp 2017/04/05 v2.0i Standard LaTeX package
Package textcomp Info: Sub-encoding information:
(textcomp)               5 = only ISO-Adobe without \textcurrency
(textcomp)               4 = 5 + \texteuro
(textcomp)               3 = 4 + \textohm
(textcomp)               2 = 3 + \textestimated + \textcurrency
(textcomp)               1 = TS1 - \textcircled - \t
(textcomp)               0 = TS1 (full)
(textcomp)             Font families with sub-encoding setting implement
(textcomp)             only a restricted character set as indicated.
(textcomp)             Family '?' is the default used for unknown fonts.
(textcomp)             See the documentation for details.
Package textcomp Info: Setting ? sub-encoding to TS1/1 on input line 79.

(/usr/local/texlive/2018/texmf-dist/tex/latex/base/ts1enc.def
File: ts1enc.def 2001/06/05 v3.0e (jk/car/fm) Standard LaTeX file
)
LaTeX Info: Redefining \oldstylenums on input line 334.
Package textcomp Info: Setting cmr sub-encoding to TS1/0 on input line 349.
Package textcomp Info: Setting cmss sub-encoding to TS1/0 on input line 350.
Package textcomp Info: Setting cmtt sub-encoding to TS1/0 on input line 351.
Package textcomp Info: Setting cmvtt sub-encoding to TS1/0 on input line 352.
Package textcomp Info: Setting cmbr sub-encoding to TS1/0 on input line 353.
Package textcomp Info: Setting cmtl sub-encoding to TS1/0 on input line 354.
Package textcomp Info: Setting ccr sub-encoding to TS1/0 on input line 355.
Package textcomp Info: Setting ptm sub-encoding to TS1/4 on input line 356.
Package textcomp Info: Setting pcr sub-encoding to TS1/4 on input line 357.
Package textcomp Info: Setting phv sub-encoding to TS1/4 on input line 358.
Package textcomp Info: Setting ppl sub-encoding to TS1/3 on input line 359.
Package textcomp Info: Setting pag sub-encoding to TS1/4 on input line 360.
Package textcomp Info: Setting pbk sub-encoding to TS1/4 on input line 361.
Package textcomp Info: Setting pnc sub-encoding to TS1/4 on input line 362.
Package textcomp Info: Setting pzc sub-encoding to TS1/4 on input line 363.
Package textcomp Info: Setting bch sub-encoding to TS1/4 on input line 364.
Package textcomp Info: Setting put sub-encoding to TS1/5 on input line 365.
Package textcomp Info: Setting uag sub-encoding to TS1/5 on input line 366.
Package textcomp Info: Setting ugq sub-encoding to TS1/5 on input line 367.
Package textcomp Info: Setting ul8 sub-encoding to TS1/4 on input line 368.
Package textcomp Info: Setting ul9 sub-encoding to TS1/4 on input line 369.
Package textcomp Info: Setting augie sub-encoding to TS1/5 on input line 370.
Package textcomp Info: Setting dayrom sub-encoding to TS1/3 on input line 371.
Package textcomp Info: Setting dayroms sub-encoding to TS1/3 on input line 372.

Package textcomp Info: Setting pxr sub-encoding to TS1/0 on input line 373.
Package textcomp Info: Setting pxss sub-encoding to TS1/0 on input line 374.
Package textcomp Info: Setting pxtt sub-encoding to TS1/0 on input line 375.
Package textcomp Info: Setting txr sub-encoding to TS1/0 on input line 376.
Package textcomp Info: Setting txss sub-encoding to TS1/0 on input line 377.
Package textcomp Info: Setting txtt sub-encoding to TS1/0 on input line 378.
Package textcomp Info: Setting lmr sub-encoding to TS1/0 on input line 379.
Package textcomp Info: Setting lmdh sub-encoding to TS1/0 on input line 380.
Package textcomp Info: Setting lmss sub-encoding to TS1/0 on input line 381.
Package textcomp Info: Setting lmssq sub-encoding to TS1/0 on input line 382.
Package textcomp Info: Setting lmvtt sub-encoding to TS1/0 on input line 383.
Package textcomp Info: Setting lmtt sub-encoding to TS1/0 on input line 384.
Package textcomp Info: Setting qhv sub-encoding to TS1/0 on input line 385.
Package textcomp Info: Setting qag sub-encoding to TS1/0 on input line 386.
Package textcomp Info: Setting qbk sub-encoding to TS1/0 on input line 387.
Package textcomp Info: Setting qcr sub-encoding to TS1/0 on input line 388.
Package textcomp Info: Setting qcs sub-encoding to TS1/0 on input line 389.
Package textcomp Info: Setting qpl sub-encoding to TS1/0 on input line 390.
Package textcomp Info: Setting qtm sub-encoding to TS1/0 on input line 391.
Package textcomp Info: Setting qzc sub-encoding to TS1/0 on input line 392.
Package textcomp Info: Setting qhvc sub-encoding to TS1/0 on input line 393.
Package textcomp Info: Setting futs sub-encoding to TS1/4 on input line 394.
Package textcomp Info: Setting futx sub-encoding to TS1/4 on input line 395.
Package textcomp Info: Setting futj sub-encoding to TS1/4 on input line 396.
Package textcomp Info: Setting hlh sub-encoding to TS1/3 on input line 397.
Package textcomp Info: Setting hls sub-encoding to TS1/3 on input line 398.
Package textcomp Info: Setting hlst sub-encoding to TS1/3 on input line 399.
Package textcomp Info: Setting hlct sub-encoding to TS1/5 on input line 400.
Package textcomp Info: Setting hlx sub-encoding to TS1/5 on input line 401.
Package textcomp Info: Setting hlce sub-encoding to TS1/5 on input line 402.
Package textcomp Info: Setting hlcn sub-encoding to TS1/5 on input line 403.
Package textcomp Info: Setting hlcw sub-encoding to TS1/5 on input line 404.
Package textcomp Info: Setting hlcf sub-encoding to TS1/5 on input line 405.
Package textcomp Info: Setting pplx sub-encoding to TS1/3 on input line 406.
Package textcomp Info: Setting pplj sub-encoding to TS1/3 on input line 407.
Package textcomp Info: Setting ptmx sub-encoding to TS1/4 on input line 408.
Package textcomp Info: Setting ptmj sub-encoding to TS1/4 on input line 409.
)
(/usr/local/texlive/2018/texmf-dist/tex/latex/listings/listings.sty
\lst@mode=\count145
\lst@gtempboxa=\box64
\lst@token=\toks37
\lst@length=\count146
\lst@currlwidth=\dimen148
\lst@column=\count147
\lst@pos=\count148
\lst@lostspace=\dimen149
\lst@width=\dimen150
\lst@newlines=\count149
\lst@lineno=\count150
\lst@maxwidth=\dimen151

(/usr/local/texlive/2018/texmf-dist/tex/latex/listings/lstmisc.sty
File: lstmisc.sty 2018/09/02 1.7 (Carsten Heinz)
\c@lstnumber=\count151
\lst@skipnumbers=\count152
\lst@framebox=\box65
)
(/usr/local/texlive/2018/texmf-dist/tex/latex/listings/listings.cfg
File: listings.cfg 2018/09/02 1.7 listings configuration
))
Package: listings 2018/09/02 1.7 (Carsten Heinz)

(/usr/local/texlive/2018/texmf-dist/tex/latex/listings/lstlang1.sty
File: lstlang1.sty 2018/09/02 1.7 listings language file
)
(/usr/local/texlive/2018/texmf-dist/tex/latex/listings/lstlang2.sty
File: lstlang2.sty 2018/09/02 1.7 listings language file
)
(/usr/local/texlive/2018/texmf-dist/tex/latex/listings/lstlang3.sty
File: lstlang3.sty 2018/09/02 1.7 listings language file
)
(/usr/local/texlive/2018/texmf-dist/tex/latex/siunitx/siunitx.sty
(/usr/local/texlive/2018/texmf-dist/tex/latex/l3kernel/expl3.sty
Package: expl3 2018-12-06 L3 programming layer (loader) 

(/usr/local/texlive/2018/texmf-dist/tex/latex/l3kernel/expl3-code.tex
Package: expl3 2018-12-06 L3 programming layer (code)
\c_max_int=\count153
\l_tmpa_int=\count154
\l_tmpb_int=\count155
\g_tmpa_int=\count156
\g_tmpb_int=\count157
\g__kernel_prg_map_int=\count158
\c_log_iow=\count159
\l_iow_line_count_int=\count160
\l__iow_line_target_int=\count161
\l__iow_one_indent_int=\count162
\l__iow_indent_int=\count163
\c_zero_dim=\dimen152
\c_max_dim=\dimen153
\l_tmpa_dim=\dimen154
\l_tmpb_dim=\dimen155
\g_tmpa_dim=\dimen156
\g_tmpb_dim=\dimen157
\c_zero_skip=\skip114
\c_max_skip=\skip115
\l_tmpa_skip=\skip116
\l_tmpb_skip=\skip117
\g_tmpa_skip=\skip118
\g_tmpb_skip=\skip119
\c_zero_muskip=\muskip11
\c_max_muskip=\muskip12
\l_tmpa_muskip=\muskip13
\l_tmpb_muskip=\muskip14
\g_tmpa_muskip=\muskip15
\g_tmpb_muskip=\muskip16
\l_keys_choice_int=\count164
\l__intarray_loop_int=\count165
\c__intarray_sp_dim=\dimen158
\g__intarray_font_int=\count166
\c__fp_leading_shift_int=\count167
\c__fp_middle_shift_int=\count168
\c__fp_trailing_shift_int=\count169
\c__fp_big_leading_shift_int=\count170
\c__fp_big_middle_shift_int=\count171
\c__fp_big_trailing_shift_int=\count172
\c__fp_Bigg_leading_shift_int=\count173
\c__fp_Bigg_middle_shift_int=\count174
\c__fp_Bigg_trailing_shift_int=\count175
\g__fp_array_int=\count176
\l__fp_array_loop_int=\count177
\l__sort_length_int=\count178
\l__sort_min_int=\count179
\l__sort_top_int=\count180
\l__sort_max_int=\count181
\l__sort_true_max_int=\count182
\l__sort_block_int=\count183
\l__sort_begin_int=\count184
\l__sort_end_int=\count185
\l__sort_A_int=\count186
\l__sort_B_int=\count187
\l__sort_C_int=\count188
\l__tl_analysis_normal_int=\count189
\l__tl_analysis_index_int=\count190
\l__tl_analysis_nesting_int=\count191
\l__tl_analysis_type_int=\count192
\l__regex_internal_a_int=\count193
\l__regex_internal_b_int=\count194
\l__regex_internal_c_int=\count195
\l__regex_balance_int=\count196
\l__regex_group_level_int=\count197
\l__regex_mode_int=\count198
\c__regex_cs_in_class_mode_int=\count199
\c__regex_cs_mode_int=\count266
\l__regex_catcodes_int=\count267
\l__regex_default_catcodes_int=\count268
\c__regex_catcode_L_int=\count269
\c__regex_catcode_O_int=\count270
\c__regex_catcode_A_int=\count271
\c__regex_all_catcodes_int=\count272
\l__regex_show_lines_int=\count273
\l__regex_min_state_int=\count274
\l__regex_max_state_int=\count275
\l__regex_left_state_int=\count276
\l__regex_right_state_int=\count277
\l__regex_capturing_group_int=\count278
\l__regex_min_pos_int=\count279
\l__regex_max_pos_int=\count280
\l__regex_curr_pos_int=\count281
\l__regex_start_pos_int=\count282
\l__regex_success_pos_int=\count283
\l__regex_curr_char_int=\count284
\l__regex_curr_catcode_int=\count285
\l__regex_last_char_int=\count286
\l__regex_case_changed_char_int=\count287
\l__regex_curr_state_int=\count288
\l__regex_step_int=\count289
\l__regex_min_active_int=\count290
\l__regex_max_active_int=\count291
\l__regex_replacement_csnames_int=\count292
\l__regex_match_count_int=\count293
\l__regex_min_submatch_int=\count294
\l__regex_submatch_int=\count295
\l__regex_zeroth_submatch_int=\count296
\g__regex_trace_regex_int=\count297
\c_empty_box=\box66
\l_tmpa_box=\box67
\l_tmpb_box=\box68
\g_tmpa_box=\box69
\g_tmpb_box=\box70
\l__box_top_dim=\dimen159
\l__box_bottom_dim=\dimen160
\l__box_left_dim=\dimen161
\l__box_right_dim=\dimen162
\l__box_top_new_dim=\dimen163
\l__box_bottom_new_dim=\dimen164
\l__box_left_new_dim=\dimen165
\l__box_right_new_dim=\dimen166
\l__box_internal_box=\box71
\l__coffin_internal_box=\box72
\l__coffin_internal_dim=\dimen167
\l__coffin_offset_x_dim=\dimen168
\l__coffin_offset_y_dim=\dimen169
\l__coffin_x_dim=\dimen170
\l__coffin_y_dim=\dimen171
\l__coffin_x_prime_dim=\dimen172
\l__coffin_y_prime_dim=\dimen173
\c_empty_coffin=\box73
\l__coffin_aligned_coffin=\box74
\l__coffin_aligned_internal_coffin=\box75
\l_tmpa_coffin=\box76
\l_tmpb_coffin=\box77
\l__coffin_display_coffin=\box78
\l__coffin_display_coord_coffin=\box79
\l__coffin_display_pole_coffin=\box80
\l__coffin_display_offset_dim=\dimen174
\l__coffin_display_x_dim=\dimen175
\l__coffin_display_y_dim=\dimen176
\g__file_internal_ior=\read2
\l__coffin_bounding_shift_dim=\dimen177
\l__coffin_left_corner_dim=\dimen178
\l__coffin_right_corner_dim=\dimen179
\l__coffin_bottom_corner_dim=\dimen180
\l__coffin_top_corner_dim=\dimen181
\l__coffin_scaled_total_height_dim=\dimen182
\l__coffin_scaled_width_dim=\dimen183
)
(/usr/local/texlive/2018/texmf-dist/tex/latex/l3kernel/l3xdvipdfmx.def
File: l3xdvidpfmx.def 2018-12-06 v L3 Experimental driver: xdvipdfmx
\g__driver_image_int=\count298
\g__driver_pdf_object_int=\count299
))
(/usr/local/texlive/2018/texmf-dist/tex/latex/l3packages/xparse/xparse.sty
Package: xparse 2018-10-17 L3 Experimental document command parser
\l__xparse_current_arg_int=\count300
\g__xparse_grabber_int=\count301
\l__xparse_m_args_int=\count302
\l__xparse_mandatory_args_int=\count303
\l__xparse_v_nesting_int=\count304
)
Package: siunitx 2018/05/17 v2.7s A comprehensive (SI) units package

(/usr/local/texlive/2018/texmf-dist/tex/latex/l3packages/l3keys2e/l3keys2e.sty
Package: l3keys2e 2018-10-17 LaTeX2e option processing using LaTeX3 keys
)
\l__siunitx_tmp_box=\box81
\l__siunitx_tmp_dim=\dimen184
\l__siunitx_tmp_int=\count305
\l__siunitx_number_mantissa_length_int=\count306
\l__siunitx_number_uncert_length_int=\count307
\l__siunitx_round_int=\count308
\l__siunitx_process_decimal_int=\count309
\l__siunitx_process_uncertainty_int=\count310
\l__siunitx_process_fixed_int=\count311
\l__siunitx_process_integer_min_int=\count312
\l__siunitx_process_precision_int=\count313
\l__siunitx_group_min_int=\count314
\l__siunitx_angle_marker_box=\box82
\l__siunitx_angle_unit_box=\box83
\l__siunitx_angle_marker_dim=\dimen185
\l__siunitx_angle_unit_dim=\dimen186
\l__siunitx_unit_int=\count315
\l__siunitx_unit_denominator_int=\count316
\l__siunitx_unit_numerator_int=\count317
\l__siunitx_unit_prefix_int=\count318
\l__siunitx_unit_prefix_base_int=\count319
\l__siunitx_unit_prefix_gram_int=\count320
\l__siunitx_number_product_int=\count321
\c__siunitx_one_fill_skip=\skip120
\l__siunitx_table_unit_align_skip=\skip121
\l__siunitx_table_exponent_dim=\dimen187
\l__siunitx_table_integer_dim=\dimen188
\l__siunitx_table_mantissa_dim=\dimen189
\l__siunitx_table_marker_dim=\dimen190
\l__siunitx_table_result_dim=\dimen191
\l__siunitx_table_uncert_dim=\dimen192
\l__siunitx_table_fill_pre_dim=\dimen193
\l__siunitx_table_fill_post_dim=\dimen194
\l__siunitx_table_fill_mid_dim=\dimen195
\l__siunitx_table_pre_box=\box84
\l__siunitx_table_post_box=\box85
\l__siunitx_table_mantissa_box=\box86
\l__siunitx_table_result_box=\box87
\l__siunitx_table_number_align_skip=\skip122
\l__siunitx_table_text_align_skip=\skip123
(/usr/local/texlive/2018/texmf-dist/tex/latex/translator/translator.sty
Package: translator 2018/01/04 v1.12 Easy translation of strings in LaTeX
))
(/usr/local/texlive/2018/texmf-dist/tex/latex/csquotes/csquotes.sty
Package: csquotes 2018/04/13 v5.2d context-sensitive quotations (JAW)

(/usr/local/texlive/2018/texmf-dist/tex/latex/etoolbox/etoolbox.sty
Package: etoolbox 2018/08/19 v2.5f e-TeX tools for LaTeX (JAW)
\etb@tempcnta=\count322
)
\csq@reset=\count323
\csq@gtype=\count324
\csq@glevel=\count325
\csq@qlevel=\count326
\csq@maxlvl=\count327
\csq@tshold=\count328
\csq@ltx@everypar=\toks38

(/usr/local/texlive/2018/texmf-dist/tex/latex/csquotes/csquotes.def
File: csquotes.def 2018/04/13 v5.2d csquotes generic definitions (JAW)
)
Package csquotes Info: Trying to load configuration file 'csquotes.cfg'...
Package csquotes Info: ... configuration file loaded successfully.

(/usr/local/texlive/2018/texmf-dist/tex/latex/csquotes/csquotes.cfg
File: csquotes.cfg 
))
(/usr/local/texlive/2018/texmf-dist/tex/latex/url/url.sty
\Urlmuskip=\muskip17
Package: url 2013/09/16  ver 3.4  Verb mode for urls, etc.
)
(/usr/local/texlive/2018/texmf-dist/tex/latex/microtype/microtype.sty
Package: microtype 2018/01/14 v2.7a Micro-typographical refinements (RS)
\MT@toks=\toks39
\MT@count=\count329
LaTeX Info: Redefining \textls on input line 793.
\MT@outer@kern=\dimen196
LaTeX Info: Redefining \textmicrotypecontext on input line 1339.
\MT@listname@count=\count330

(/usr/local/texlive/2018/texmf-dist/tex/latex/microtype/microtype-xetex.def
File: microtype-xetex.def 2018/01/14 v2.7a Definitions specific to xetex (RS)
LaTeX Info: Redefining \lsstyle on input line 256.
)
Package microtype Info: Loading configuration file microtype.cfg.

(/usr/local/texlive/2018/texmf-dist/tex/latex/microtype/microtype.cfg
File: microtype.cfg 2018/01/14 v2.7a microtype main configuration file (RS)
))
(/usr/local/texlive/2018/texmf-dist/tex/latex/biblatex/biblatex.sty
Package: biblatex 2018/11/02 v3.12 programmable bibliographies (PK/MW)

(/usr/local/texlive/2018/texmf-dist/tex/generic/oberdiek/pdftexcmds.sty
Package: pdftexcmds 2018/09/10 v0.29 Utility functions of pdfTeX for LuaTeX (HO
)

(/usr/local/texlive/2018/texmf-dist/tex/generic/oberdiek/infwarerr.sty
Package: infwarerr 2016/05/16 v1.4 Providing info/warning/error messages (HO)
)
(/usr/local/texlive/2018/texmf-dist/tex/generic/oberdiek/ifluatex.sty
Package: ifluatex 2016/05/16 v1.4 Provides the ifluatex switch (HO)
Package ifluatex Info: LuaTeX not detected.
)
(/usr/local/texlive/2018/texmf-dist/tex/generic/oberdiek/ltxcmds.sty
Package: ltxcmds 2016/05/16 v1.23 LaTeX kernel commands for general use (HO)
)
Package pdftexcmds Info: LuaTeX not detected.
Package pdftexcmds Info: pdfTeX >= 1.30 not detected.
Package pdftexcmds Info: \pdf@primitive is available.
Package pdftexcmds Info: \pdf@ifprimitive is available.
Package pdftexcmds Info: \pdfdraftmode not found.
)
(/usr/local/texlive/2018/texmf-dist/tex/latex/oberdiek/kvoptions.sty
Package: kvoptions 2016/05/16 v3.12 Key value format for package options (HO)

(/usr/local/texlive/2018/texmf-dist/tex/generic/oberdiek/kvsetkeys.sty
Package: kvsetkeys 2016/05/16 v1.17 Key value parser (HO)

(/usr/local/texlive/2018/texmf-dist/tex/generic/oberdiek/etexcmds.sty
Package: etexcmds 2016/05/16 v1.6 Avoid name clashes with e-TeX commands (HO)
Package etexcmds Info: Could not find \expanded.
(etexcmds)             That can mean that you are not using pdfTeX 1.50 or
(etexcmds)             that some package has redefined \expanded.
(etexcmds)             In the latter case, load this package earlier.
)))
(/usr/local/texlive/2018/texmf-dist/tex/latex/logreq/logreq.sty
Package: logreq 2010/08/04 v1.0 xml request logger
\lrq@indent=\count331

(/usr/local/texlive/2018/texmf-dist/tex/latex/logreq/logreq.def
File: logreq.def 2010/08/04 v1.0 logreq spec v1.0
))
\c@tabx@nest=\count332
\c@listtotal=\count333
\c@listcount=\count334
\c@liststart=\count335
\c@liststop=\count336
\c@citecount=\count337
\c@citetotal=\count338
\c@multicitecount=\count339
\c@multicitetotal=\count340
\c@instcount=\count341
\c@maxnames=\count342
\c@minnames=\count343
\c@maxitems=\count344
\c@minitems=\count345
\c@citecounter=\count346
\c@maxcitecounter=\count347
\c@savedcitecounter=\count348
\c@uniquelist=\count349
\c@uniquename=\count350
\c@refsection=\count351
\c@refsegment=\count352
\c@maxextratitle=\count353
\c@maxextratitleyear=\count354
\c@maxextraname=\count355
\c@maxextradate=\count356
\c@maxextraalpha=\count357
\c@abbrvpenalty=\count358
\c@highnamepenalty=\count359
\c@lownamepenalty=\count360
\c@maxparens=\count361
\c@parenlevel=\count362
\blx@tempcnta=\count363
\blx@tempcntb=\count364
\blx@tempcntc=\count365
\blx@maxsection=\count366
\blx@maxsegment@0=\count367
\blx@notetype=\count368
\blx@parenlevel@text=\count369
\blx@parenlevel@foot=\count370
\blx@sectionciteorder@0=\count371
\blx@entrysetcounter=\count372
\labelnumberwidth=\skip124
\labelalphawidth=\skip125
\biblabelsep=\skip126
\bibitemsep=\skip127
\bibnamesep=\skip128
\bibinitsep=\skip129
\bibparsep=\skip130
\bibhang=\skip131
\blx@bcfin=\read3
\blx@bcfout=\write3
\c@mincomprange=\count373
\c@maxcomprange=\count374
\c@mincompwidth=\count375
Package biblatex Info: Trying to load biblatex default data model...
Package biblatex Info: ... file 'blx-dm.def' found.

(/usr/local/texlive/2018/texmf-dist/tex/latex/biblatex/blx-dm.def
File: blx-dm.def 2018/11/02 v3.12 biblatex localization (PK/MW)
)
Package biblatex Info: Trying to load biblatex style data model...
Package biblatex Info: ... file 'numeric.dbx' not found.
Package biblatex Info: Trying to load biblatex custom data model...
Package biblatex Info: ... file 'biblatex-dm.cfg' not found.
\c@afterword=\count376
\c@savedafterword=\count377
\c@annotator=\count378
\c@savedannotator=\count379
\c@author=\count380
\c@savedauthor=\count381
\c@bookauthor=\count382
\c@savedbookauthor=\count383
\c@commentator=\count384
\c@savedcommentator=\count385
\c@editor=\count386
\c@savededitor=\count387
\c@editora=\count388
\c@savededitora=\count389
\c@editorb=\count390
\c@savededitorb=\count391
\c@editorc=\count392
\c@savededitorc=\count393
\c@foreword=\count394
\c@savedforeword=\count395
\c@holder=\count396
\c@savedholder=\count397
\c@introduction=\count398
\c@savedintroduction=\count399
\c@namea=\count400
\c@savednamea=\count401
\c@nameb=\count402
\c@savednameb=\count403
\c@namec=\count404
\c@savednamec=\count405
\c@translator=\count406
\c@savedtranslator=\count407
\c@shortauthor=\count408
\c@savedshortauthor=\count409
\c@shorteditor=\count410
\c@savedshorteditor=\count411
\c@labelname=\count412
\c@savedlabelname=\count413
\c@institution=\count414
\c@savedinstitution=\count415
\c@lista=\count416
\c@savedlista=\count417
\c@listb=\count418
\c@savedlistb=\count419
\c@listc=\count420
\c@savedlistc=\count421
\c@listd=\count422
\c@savedlistd=\count423
\c@liste=\count424
\c@savedliste=\count425
\c@listf=\count426
\c@savedlistf=\count427
\c@location=\count428
\c@savedlocation=\count429
\c@organization=\count430
\c@savedorganization=\count431
\c@origlocation=\count432
\c@savedoriglocation=\count433
\c@origpublisher=\count434
\c@savedorigpublisher=\count435
\c@publisher=\count436
\c@savedpublisher=\count437
\c@language=\count438
\c@savedlanguage=\count439
\c@origlanguage=\count440
\c@savedoriglanguage=\count441
\c@pageref=\count442
\c@savedpageref=\count443
\shorthandwidth=\skip132
\shortjournalwidth=\skip133
\shortserieswidth=\skip134
\shorttitlewidth=\skip135
\shortauthorwidth=\skip136
\shorteditorwidth=\skip137
\locallabelnumberwidth=\skip138
\locallabelalphawidth=\skip139
\localshorthandwidth=\skip140
\localshortjournalwidth=\skip141
\localshortserieswidth=\skip142
\localshorttitlewidth=\skip143
\localshortauthorwidth=\skip144
\localshorteditorwidth=\skip145
Package biblatex Info: Trying to load enhanced support for Unicode engines...
Package biblatex Info: ... file 'blx-unicode.def' found.

(/usr/local/texlive/2018/texmf-dist/tex/latex/biblatex/blx-unicode.def)
Package biblatex Info: Trying to load compatibility code...
Package biblatex Info: ... file 'blx-compat.def' found.

(/usr/local/texlive/2018/texmf-dist/tex/latex/biblatex/blx-compat.def
File: blx-compat.def 2018/11/02 v3.12 biblatex compatibility (PK/MW)
)
Package biblatex Info: Trying to load generic definitions...
Package biblatex Info: ... file 'biblatex.def' found.

(/usr/local/texlive/2018/texmf-dist/tex/latex/biblatex/biblatex.def
File: biblatex.def 2018/11/02 v3.12 biblatex compatibility (PK/MW)
\c@textcitecount=\count444
\c@textcitetotal=\count445
\c@textcitemaxnames=\count446
\c@biburlnumpenalty=\count447
\c@biburlucpenalty=\count448
\c@biburllcpenalty=\count449
\c@smartand=\count450
)
Package biblatex Info: Trying to load natbib compatibility...
Package biblatex Info: ... file 'blx-natbib.def' found.

(/usr/local/texlive/2018/texmf-dist/tex/latex/biblatex/blx-natbib.def
File: blx-natbib.def 2018/11/02 v3.12 biblatex compatibility (PK/MW)
Package biblatex Info: Delimiter 'nameyeardelim' in context '' already defined,
 overwriting.
)
Package biblatex Info: Trying to load bibliography style 'numeric'...
Package biblatex Info: ... file 'numeric.bbx' found.

(/usr/local/texlive/2018/texmf-dist/tex/latex/biblatex/bbx/numeric.bbx
File: numeric.bbx 2018/11/02 v3.12 biblatex bibliography style (PK/MW)
Package biblatex Info: Trying to load bibliography style 'standard'...
Package biblatex Info: ... file 'standard.bbx' found.

(/usr/local/texlive/2018/texmf-dist/tex/latex/biblatex/bbx/standard.bbx
File: standard.bbx 2018/11/02 v3.12 biblatex bibliography style (PK/MW)
\c@bbx:relatedcount=\count451
\c@bbx:relatedtotal=\count452
))
Package biblatex Info: Trying to load citation style 'authoryear'...
Package biblatex Info: ... file 'authoryear.cbx' found.

(/usr/local/texlive/2018/texmf-dist/tex/latex/biblatex/cbx/authoryear.cbx
File: authoryear.cbx 2018/11/02 v3.12 biblatex citation style (PK/MW)
Package biblatex Info: Redefining '\cite'.
Package biblatex Info: Redefining '\parencite'.
Package biblatex Info: Redefining '\footcite'.
Package biblatex Info: Redefining '\footcitetext'.
Package biblatex Info: Redefining '\smartcite'.
Package biblatex Info: Redefining '\textcite'.
Package biblatex Info: Redefining '\textcites'.
)
Package biblatex Info: Trying to load configuration file...
Package biblatex Info: ... file 'biblatex.cfg' found.

(/usr/local/texlive/2018/texmf-dist/tex/latex/biblatex/biblatex.cfg
File: biblatex.cfg 
))
(/usr/local/texlive/2018/texmf-dist/tex/latex/imakeidx/imakeidx.sty
Package: imakeidx 2016/10/15 v1.3e Package for typesetting indices in a synchro
nous mode

(/usr/local/texlive/2018/texmf-dist/tex/latex/xkeyval/xkeyval.sty
Package: xkeyval 2014/12/03 v2.7a package option processing (HA)

(/usr/local/texlive/2018/texmf-dist/tex/generic/xkeyval/xkeyval.tex
(/usr/local/texlive/2018/texmf-dist/tex/generic/xkeyval/xkvutils.tex
\XKV@toks=\toks40
\XKV@tempa@toks=\toks41
)
\XKV@depth=\count453
File: xkeyval.tex 2014/12/03 v2.7a key=value parser (HA)
)))
\name-authors@idxfile=\write4
\openout4 = `name-authors.idx'.


Writing index file name-authors.idx
\year-title@idxfile=\write5
\openout5 = `year-title.idx'.

Writing index file year-title.idx
\concepts@idxfile=\write6
\openout6 = `concepts.idx'.

Writing index file concepts.idx
\places@idxfile=\write7
\openout7 = `places.idx'.

Writing index file places.idx
(/usr/local/texlive/2018/texmf-dist/tex/latex/hyperref/hyperref.sty
Package: hyperref 2018/11/30 v6.88e Hypertext links for LaTeX

(/usr/local/texlive/2018/texmf-dist/tex/generic/oberdiek/hobsub-hyperref.sty
Package: hobsub-hyperref 2016/05/16 v1.14 Bundle oberdiek, subset hyperref (HO)


(/usr/local/texlive/2018/texmf-dist/tex/generic/oberdiek/hobsub-generic.sty
Package: hobsub-generic 2016/05/16 v1.14 Bundle oberdiek, subset generic (HO)
Package: hobsub 2016/05/16 v1.14 Construct package bundles (HO)
Package hobsub Info: Skipping package `infwarerr' (already loaded).
Package hobsub Info: Skipping package `ltxcmds' (already loaded).
Package hobsub Info: Skipping package `ifluatex' (already loaded).
Package hobsub Info: Skipping package `ifvtex' (already loaded).
Package: intcalc 2016/05/16 v1.2 Expandable calculations with integers (HO)
Package hobsub Info: Skipping package `ifpdf' (already loaded).
Package hobsub Info: Skipping package `etexcmds' (already loaded).
Package hobsub Info: Skipping package `kvsetkeys' (already loaded).
Package: kvdefinekeys 2016/05/16 v1.4 Define keys (HO)
Package hobsub Info: Skipping package `pdftexcmds' (already loaded).
Package: pdfescape 2016/05/16 v1.14 Implements pdfTeX's escape features (HO)
Package: bigintcalc 2016/05/16 v1.4 Expandable calculations on big integers (HO
)
Package: bitset 2016/05/16 v1.2 Handle bit-vector datatype (HO)
Package: uniquecounter 2016/05/16 v1.3 Provide unlimited unique counter (HO)
)
Package hobsub Info: Skipping package `hobsub' (already loaded).
Package: letltxmacro 2016/05/16 v1.5 Let assignment for LaTeX macros (HO)
Package: hopatch 2016/05/16 v1.3 Wrapper for package hooks (HO)
Package: xcolor-patch 2016/05/16 xcolor patch
Package: atveryend 2016/05/16 v1.9 Hooks at the very end of document (HO)
Package: atbegshi 2016/06/09 v1.18 At begin shipout hook (HO)
Package: refcount 2016/05/16 v3.5 Data extraction from label references (HO)
Package: hycolor 2016/05/16 v1.8 Color options for hyperref/bookmark (HO)
)
(/usr/local/texlive/2018/texmf-dist/tex/latex/oberdiek/auxhook.sty
Package: auxhook 2016/05/16 v1.4 Hooks for auxiliary files (HO)
)
\@linkdim=\dimen197
\Hy@linkcounter=\count454
\Hy@pagecounter=\count455

(/usr/local/texlive/2018/texmf-dist/tex/latex/hyperref/pd1enc.def
File: pd1enc.def 2018/11/30 v6.88e Hyperref: PDFDocEncoding definition (HO)
)
\Hy@SavedSpaceFactor=\count456

(/usr/local/texlive/2018/texmf-dist/tex/latex/latexconfig/hyperref.cfg
File: hyperref.cfg 2002/06/06 v1.2 hyperref configuration of TeXLive
)
Package hyperref Info: Option `colorlinks' set `true' on input line 4393.
Package hyperref Info: Hyper figures OFF on input line 4519.
Package hyperref Info: Link nesting OFF on input line 4524.
Package hyperref Info: Hyper index ON on input line 4527.
Package hyperref Info: Plain pages OFF on input line 4534.
Package hyperref Info: Backreferencing OFF on input line 4539.
Package hyperref Info: Implicit mode ON; LaTeX internals redefined.
Package hyperref Info: Bookmarks ON on input line 4772.
\c@Hy@tempcnt=\count457
LaTeX Info: Redefining \url on input line 5125.
\XeTeXLinkMargin=\dimen198
\Fld@menulength=\count458
\Field@Width=\dimen199
\Fld@charsize=\dimen256
Package hyperref Info: Hyper figures OFF on input line 6380.
Package hyperref Info: Link nesting OFF on input line 6385.
Package hyperref Info: Hyper index ON on input line 6388.
Package hyperref Info: backreferencing OFF on input line 6395.
Package hyperref Info: Link coloring ON on input line 6398.
Package hyperref Info: Link coloring with OCG OFF on input line 6405.
Package hyperref Info: PDF/A mode OFF on input line 6410.
LaTeX Info: Redefining \ref on input line 6450.
LaTeX Info: Redefining \pageref on input line 6454.
\Hy@abspage=\count459
\c@Item=\count460
\c@Hfootnote=\count461
)
Package hyperref Info: Driver (autodetected): hxetex.

(/usr/local/texlive/2018/texmf-dist/tex/latex/hyperref/hxetex.def
File: hxetex.def 2018/11/30 v6.88e Hyperref driver for XeTeX

(/usr/local/texlive/2018/texmf-dist/tex/latex/hyperref/puenc.def
File: puenc.def 2018/11/30 v6.88e Hyperref: PDF Unicode definition (HO)
)
(/usr/local/texlive/2018/texmf-dist/tex/generic/oberdiek/stringenc.sty
Package: stringenc 2016/05/16 v1.11 Convert strings between diff. encodings (HO
)
)
\pdfm@box=\box88
\c@Hy@AnnotLevel=\count462
\HyField@AnnotCount=\count463
\Fld@listcount=\count464
\c@bookmark@seq@number=\count465

(/usr/local/texlive/2018/texmf-dist/tex/latex/oberdiek/rerunfilecheck.sty
Package: rerunfilecheck 2016/05/16 v1.8 Rerun checks for auxiliary files (HO)
Package uniquecounter Info: New unique counter `rerunfilecheck' on input line 2
82.
)
\Hy@SectionHShift=\skip146
)
(/usr/local/texlive/2018/texmf-dist/tex/generic/oberdiek/se-ascii-print.def
File: se-ascii-print.def 2016/05/16 v1.11 stringenc: Printable ASCII characters

)
Package hyperref Info: Option `colorlinks' set `true' on input line 173.

(/usr/local/texlive/2018/texmf-dist/tex/latex/glossaries/base/glossaries.sty
Package: glossaries 2018/07/23 v4.41 (NLCT)

(/usr/local/texlive/2018/texmf-dist/tex/latex/mfirstuc/mfirstuc.sty
Package: mfirstuc 2017/11/14 v2.06 (NLCT)
\@glsmfirst=\toks42
\@glsmrest=\toks43
)
(/usr/local/texlive/2018/texmf-dist/tex/latex/textcase/textcase.sty
Package: textcase 2004/10/07 v0.07 Text only upper/lower case changing (DPC)
)
(/usr/local/texlive/2018/texmf-dist/tex/latex/xfor/xfor.sty
Package: xfor 2009/02/05 v1.05 (NLCT)
)
(/usr/local/texlive/2018/texmf-dist/tex/latex/datatool/datatool-base.sty
Package: datatool-base 2018/12/07 v2.31 (NLCT)

(/usr/local/texlive/2018/texmf-dist/tex/latex/substr/substr.sty
Package: substr 2009/10/20 v1.2 Handle substrings
\c@su@anzahl=\count466
)
(/usr/local/texlive/2018/texmf-dist/tex/latex/datatool/datatool-fp.sty
Package: datatool-fp 2018/12/07 v2.31 (NLCT)

(/usr/local/texlive/2018/texmf-dist/tex/latex/fp/fp.sty
Package: fp 1995/04/02

`Fixed Point Package', Version 0.8, April 2, 1995 (C) Michael Mehlich
(/usr/local/texlive/2018/texmf-dist/tex/latex/fp/defpattern.sty
Package: defpattern 1994/10/12
\actioncount=\count467
)
(/usr/local/texlive/2018/texmf-dist/tex/latex/fp/fp-basic.sty
Package: fp-basic 1996/05/13
\FP@xs=\count468
\FP@xia=\count469
\FP@xib=\count470
\FP@xfa=\count471
\FP@xfb=\count472
\FP@rega=\count473
\FP@regb=\count474
\FP@regs=\count475
\FP@times=\count476
)
(/usr/local/texlive/2018/texmf-dist/tex/latex/fp/fp-addons.sty
Package: fp-addons 1995/03/15
)
(/usr/local/texlive/2018/texmf-dist/tex/latex/fp/fp-snap.sty
Package: fp-snap 1995/04/05
)
(/usr/local/texlive/2018/texmf-dist/tex/latex/fp/fp-exp.sty
Package: fp-exp 1995/04/03
)
(/usr/local/texlive/2018/texmf-dist/tex/latex/fp/fp-trigo.sty
Package: fp-trigo 1995/04/14
)
(/usr/local/texlive/2018/texmf-dist/tex/latex/fp/fp-pas.sty
Package: fp-pas 1994/08/29
)
(/usr/local/texlive/2018/texmf-dist/tex/latex/fp/fp-random.sty
Package: fp-random 1995/02/23
\FPseed=\count477
)
(/usr/local/texlive/2018/texmf-dist/tex/latex/fp/fp-eqn.sty
Package: fp-eqn 1995/04/03
)
(/usr/local/texlive/2018/texmf-dist/tex/latex/fp/fp-upn.sty
Package: fp-upn 1996/10/21
)
(/usr/local/texlive/2018/texmf-dist/tex/latex/fp/fp-eval.sty
Package: fp-eval 1995/04/03
)))
\@dtl@toks=\toks44
\@dtl@tmpcount=\count478
\dtl@tmplength=\skip147
\dtl@sortresult=\count479
\@dtl@numgrpsepcount=\count480
\@dtl@datatype=\count481
\dtl@codeA=\count482
\dtl@codeB=\count483
\@dtl@foreach@level=\count484
)
(/usr/local/texlive/2018/texmf-dist/tex/latex/glossaries/base/glossaries-compat
ible-307.sty
Package: glossaries-compatible-307 2018/07/23 v4.41 (NLCT)
)
(/usr/local/texlive/2018/texmf-dist/tex/latex/tracklang/tracklang.sty
Package: tracklang 2018/05/13 v1.3.6 (NLCT) Track Languages

(/usr/local/texlive/2018/texmf-dist/tex/generic/tracklang/tracklang.tex))
(/usr/local/texlive/2018/texmf-dist/tex/latex/glossaries-english/glossaries-eng
lish.ldf
File: glossaries-english.ldf 2014/11/23 v1.0
)
\gls@level=\count485
\@gls@tmpb=\toks45
\gls@tmplen=\skip148
\glskeylisttok=\toks46
\glslabeltok=\toks47
\glsshorttok=\toks48
\glslongtok=\toks49

(/usr/local/texlive/2018/texmf-dist/tex/latex/glossaries/styles/glossary-hypern
av.sty
Package: glossary-hypernav 2018/07/23 v4.41 (NLCT)
)
(/usr/local/texlive/2018/texmf-dist/tex/latex/glossaries/styles/glossary-list.s
ty
Package: glossary-list 2018/07/23 v4.41 (NLCT)
\glslistdottedwidth=\skip149
)
(/usr/local/texlive/2018/texmf-dist/tex/latex/glossaries/styles/glossary-long.s
ty
Package: glossary-long 2018/07/23 v4.41 (NLCT)
\glsdescwidth=\skip150
\glspagelistwidth=\skip151
)
(/usr/local/texlive/2018/texmf-dist/tex/latex/glossaries/styles/glossary-super.
sty
Package: glossary-super 2018/07/23 v4.41 (NLCT)
 (/usr/local/texlive/2018/texmf-dist/tex/latex/supertabular/supertabular.sty
Package: supertabular 2004/02/20 v4.1e the supertabular environment
\c@tracingst=\count486
\ST@wd=\dimen257
\ST@rightskip=\skip152
\ST@leftskip=\skip153
\ST@parfillskip=\skip154
\ST@pageleft=\dimen258
\ST@headht=\dimen259
\ST@tailht=\dimen260
\ST@pagesofar=\dimen261
\ST@pboxht=\dimen262
\ST@lineht=\dimen263
\ST@stretchht=\dimen264
\ST@prevht=\dimen265
\ST@toadd=\dimen266
\ST@dimen=\dimen267
\ST@pbox=\box89
))
(/usr/local/texlive/2018/texmf-dist/tex/latex/glossaries/styles/glossary-tree.s
ty
Package: glossary-tree 2018/07/23 v4.41 (NLCT)
\glstreeindent=\skip155
))
\c@myequations=\count487
\cftbeforemyequationsskip=\skip156
\cftmyequationsindent=\skip157
\cftmyequationsnumwidth=\skip158
\c@equdepth=\count488
\cftbeforeequtitleskip=\skip159
\cftafterequtitleskip=\skip160
Package csquotes Info: Checking for multilingual support...
Package csquotes Info: ... found 'babel' package.
Package csquotes Info: Adjusting default style.
Package csquotes Info: Redefining alias 'default' -> 'english'.
Package biblatex Info: Trying to load language 'english'...
Package biblatex Info: ... file 'english.lbx' found.
 (/usr/local/texlive/2018/texmf-dist/tex/latex/biblatex/lbx/english.lbx
File: english.lbx 2018/11/02 v3.12 biblatex localization (PK/MW)
)

Package biblatex Warning: Conflicting options.
(biblatex)                '<namepart>inits' conflicts with 'uniquename=full'.
(biblatex)                Setting 'uniquename=init' on input line 200.

(./PhD-Thesis-Lemenkova.aux)
\openout1 = `PhD-Thesis-Lemenkova.aux'.

LaTeX Font Info:    Checking defaults for OML/cmm/m/it on input line 200.
LaTeX Font Info:    ... okay on input line 200.
LaTeX Font Info:    Checking defaults for T1/cmr/m/n on input line 200.
LaTeX Font Info:    ... okay on input line 200.
LaTeX Font Info:    Checking defaults for OT1/cmr/m/n on input line 200.
LaTeX Font Info:    ... okay on input line 200.
LaTeX Font Info:    Checking defaults for OMS/pzccm/m/n on input line 200.
LaTeX Font Info:    Try loading font information for OMS+pzccm on input line 20
0.

(/usr/local/texlive/2018/texmf-dist/tex/latex/psnfss/omspzccm.fd
File: omspzccm.fd 2000/01/03 Fontinst v1.801 font definitions for OMS/pzccm.
)
LaTeX Font Info:    ... okay on input line 200.
LaTeX Font Info:    Checking defaults for TU/lmr/m/n on input line 200.
LaTeX Font Info:    ... okay on input line 200.
LaTeX Font Info:    Checking defaults for OMX/cmex/m/n on input line 200.
LaTeX Font Info:    ... okay on input line 200.
LaTeX Font Info:    Checking defaults for U/cmr/m/n on input line 200.
LaTeX Font Info:    ... okay on input line 200.
LaTeX Font Info:    Checking defaults for T2A/cmr/m/n on input line 200.
LaTeX Font Info:    Try loading font information for T2A+cmr on input line 200.


(/usr/local/texlive/2018/texmf-dist/tex/latex/cyrillic/t2acmr.fd
File: t2acmr.fd 2001/08/11 v1.0a Computer Modern Cyrillic font definitions
)
LaTeX Font Info:    ... okay on input line 200.
LaTeX Font Info:    Checking defaults for TS1/cmr/m/n on input line 200.
LaTeX Font Info:    Try loading font information for TS1+cmr on input line 200.


(/usr/local/texlive/2018/texmf-dist/tex/latex/base/ts1cmr.fd
File: ts1cmr.fd 2014/09/29 v2.5h Standard LaTeX font definitions
)
LaTeX Font Info:    ... okay on input line 200.
LaTeX Font Info:    Checking defaults for PD1/pdf/m/n on input line 200.
LaTeX Font Info:    ... okay on input line 200.
LaTeX Font Info:    Checking defaults for PU/pdf/m/n on input line 200.
LaTeX Font Info:    ... okay on input line 200.

*geometry* driver: auto-detecting
*geometry* detected driver: xetex
*geometry* verbose mode - [ preamble ] result:
* driver: xetex
* paper: a4paper
* layout: <same size as paper>
* layoutoffset:(h,v)=(0.0pt,0.0pt)
* modes: 
* h-part:(L,W,R)=(85.35826pt, 455.24411pt, 56.9055pt)
* v-part:(T,H,B)=(85.35826pt, 660.10394pt, 99.58464pt)
* \paperwidth=597.50787pt
* \paperheight=845.04684pt
* \textwidth=455.24411pt
* \textheight=660.10394pt
* \oddsidemargin=13.08827pt
* \evensidemargin=13.08827pt
* \topmargin=-23.91173pt
* \headheight=12.0pt
* \headsep=7.0pt
* \topskip=11.0pt
* \footskip=30.0pt
* \marginparwidth=50.0pt
* \marginparsep=10.0pt
* \columnsep=10.0pt
* \skip\footins=10.0pt plus 4.0pt minus 2.0pt
* \hoffset=0.0pt
* \voffset=0.0pt
* \mag=1000
* \@twocolumnfalse
* \@twosidefalse
* \@mparswitchfalse
* \@reversemarginfalse
* (1in=72.27pt=25.4mm, 1cm=28.453pt)

\symgns@font=\mathgroup6
LaTeX Font Info:    Overwriting symbol font `gns@font' in version `bold'
(Font)                  TS1/ptm/m/n --> TS1/ptm/bx/n on input line 200.
Package gensymb Info: Math companion symbols declared on input line 200.
LaTeX Info: Redefining \degree on input line 200.
LaTeX Info: Redefining \celsius on input line 200.
Package gensymb Info: Using text companion symbols for \degree, \celsius and \p
erthousand on input line 200.
LaTeX Info: Redefining \ohm on input line 200.
Package gensymb Info: Using \textohm for \ohm on input line 200.
Package gensymb Info: Using \textmu for \micro on input line 200.
Package lastpage Info: Please have a look at the pageslts package at
(lastpage)             https://www.ctan.org/pkg/pageslts
(lastpage)             ! on input line 200.
Package caption Info: Begin \AtBeginDocument code.
Package caption Info: subfig package v1.3 is loaded.
Package caption Info: hyperref package is loaded.
Package caption Info: listings package is loaded.
Package caption Info: rotating package is loaded.
Package caption Info: supertabular package is loaded.
Package caption Info: End \AtBeginDocument code.
\c@lstlisting=\count489

(/usr/local/texlive/2018/texmf-dist/tex/latex/translator/translator-basic-dicti
onary-English.dict
Dictionary: translator-basic-dictionary, Language: English 
)
(/usr/local/texlive/2018/texmf-dist/tex/latex/siunitx/siunitx-abbreviations.cfg
File: siunitx-abbreviations.cfg 2017/11/26 v2.7k siunitx: Abbreviated units
)
LaTeX Info: Redefining \microtypecontext on input line 200.
Package microtype Info: Character protrusion enabled (level 2).
Package microtype Info: Using default protrusion set `alltext'.
Package microtype Info: No adjustment of tracking.
Package microtype Info: No adjustment of spacing.
Package microtype Info: No adjustment of kerning.
 (/usr/local/texlive/2018/texmf-dist/tex/latex/microtype/mt-ptm.cfg
File: mt-ptm.cfg 2006/04/20 v1.7 microtype config. file: Times (RS)
)
Package biblatex Info: XeTeX detected.
(biblatex)             Assuming input encoding 'utf8'.
Package biblatex Info: Data encoding 'utf8' specified.
(biblatex)             No need to reencode data.
\openout3 = `PhD-Thesis-Lemenkova.bcf'.

Package biblatex Info: Trying to load bibliographic data...


Package biblatex Warning: File 'PhD-Thesis-Lemenkova.bbl' is wrong format versi
on - expected 3.0.

Package biblatex Info: ... file 'PhD-Thesis-Lemenkova.bbl' found.
(./PhD-Thesis-Lemenkova.bbl)
Package biblatex Info: Reference section=0 on input line 200.
Package biblatex Info: Reference segment=0 on input line 200.
\AtBeginShipoutBox=\box90
Package hyperref Info: Link coloring ON on input line 200.

(/usr/local/texlive/2018/texmf-dist/tex/latex/hyperref/nameref.sty
Package: nameref 2016/05/21 v2.44 Cross-referencing by name of section

(/usr/local/texlive/2018/texmf-dist/tex/generic/oberdiek/gettitlestring.sty
Package: gettitlestring 2016/05/16 v1.5 Cleanup title references (HO)
)
\c@section@level=\count490
)
LaTeX Info: Redefining \ref on input line 200.
LaTeX Info: Redefining \pageref on input line 200.
LaTeX Info: Redefining \nameref on input line 200.

(./PhD-Thesis-Lemenkova.out) (./PhD-Thesis-Lemenkova.out)
\@outlinefile=\write8
\openout8 = `PhD-Thesis-Lemenkova.out'.

LaTeX Font Info:    Try loading font information for OT1+ptmcm on input line 20
0.

(/usr/local/texlive/2018/texmf-dist/tex/latex/psnfss/ot1ptmcm.fd
File: ot1ptmcm.fd 2000/01/03 Fontinst v1.801 font definitions for OT1/ptmcm.
)
Package microtype Info: Loading generic protrusion settings for font family
(microtype)             `ptmcm' (encoding: OT1).
(microtype)             For optimal results, create family-specific settings.
(microtype)             See the microtype manual for details.
LaTeX Font Info:    Try loading font information for OML+ptmcm on input line 20
0.

(/usr/local/texlive/2018/texmf-dist/tex/latex/psnfss/omlptmcm.fd
File: omlptmcm.fd 2000/01/03 Fontinst v1.801 font definitions for OML/ptmcm.
)
LaTeX Font Info:    Try loading font information for OMX+psycm on input line 20
0.

(/usr/local/texlive/2018/texmf-dist/tex/latex/psnfss/omxpsycm.fd
File: omxpsycm.fd 2000/01/03 Fontinst v1.801 font definitions for OMX/psycm.
)
LaTeX Font Info:    Font shape `OT1/ptm/bx/n' in size <10.95> not available
(Font)              Font shape `OT1/ptm/b/n' tried instead on input line 200.
LaTeX Font Info:    Font shape `OT1/ptm/bx/n' in size <8> not available
(Font)              Font shape `OT1/ptm/b/n' tried instead on input line 200.
LaTeX Font Info:    Font shape `OT1/ptm/bx/n' in size <6> not available
(Font)              Font shape `OT1/ptm/b/n' tried instead on input line 200.
LaTeX Font Info:    Try loading font information for TS1+ptm on input line 200.


(/usr/local/texlive/2018/texmf-dist/tex/latex/psnfss/ts1ptm.fd
File: ts1ptm.fd 2001/06/04 font definitions for TS1/ptm.
)
Package microtype Info: Loading generic protrusion settings for font family
(microtype)             `cmss' (encoding: OT1).
(microtype)             For optimal results, create family-specific settings.
(microtype)             See the microtype manual for details.
Package microtype Info: Loading generic protrusion settings for font family
(microtype)             `cmtt' (encoding: OT1).
(microtype)             For optimal results, create family-specific settings.
(microtype)             See the microtype manual for details.
File: OUC-logo.png Graphic file (type bmp)
<OUC-logo.png>
Package acronym Info: Label `acro:OUC' newly defined as it shall be overridden
although it is yet undefined on input line 214.
 [1

]
LaTeX Font Info:    Font shape `T1/ptm/bx/n' in size <24.88> not available
(Font)              Font shape `T1/ptm/b/n' tried instead on input line 217.
File: OUC-logo.png Graphic file (type bmp)
<OUC-logo.png>
LaTeX Font Info:    Font shape `T1/ptm/bx/n' in size <10.95> not available
(Font)              Font shape `T1/ptm/b/n' tried instead on input line 224.

Underfull \hbox (badness 10000) in paragraph at lines 227--229

 []


Underfull \hbox (badness 10000) in paragraph at lines 232--233

 []


Underfull \hbox (badness 10000) in paragraph at lines 236--237

 []

[1

]
File: OUC-logo-circle.jpg Graphic file (type bmp)
<OUC-logo-circle.jpg>
 [2

]
Underfull \hbox (badness 10000) in paragraph at lines 268--269

 []


Underfull \hbox (badness 10000) in paragraph at lines 270--273

 []

[3

] (./PhD-Thesis-Lemenkova.toc [4

]
Package acronym Info: Label `acro:GRASS GIS' newly defined as it shall be overr
idden
although it is yet undefined on input line 81.


Package Fancyhdr Warning: \headheight is too small (12.0pt): 
 Make it at least 13.59999pt.
 We now make it that large for the rest of the document.
 This may cause the page layout to be inconsistent, however.

[5]
Package acronym Info: Label `acro:PCA' newly defined as it shall be overridden
although it is yet undefined on input line 114.
Package acronym Info: Label `acro:EFA' newly defined as it shall be overridden
although it is yet undefined on input line 117.
Package acronym Info: Label `acro:ANOVA' newly defined as it shall be overridde
n
although it is yet undefined on input line 118.


Package Fancyhdr Warning: \headheight is too small (12.0pt): 
 Make it at least 13.59999pt.
 We now make it that large for the rest of the document.
 This may cause the page layout to be inconsistent, however.

[6]
Package acronym Info: Label `acro:QQ' newly defined as it shall be overridden
although it is yet undefined on input line 147.

Overfull \hbox (3.90599pt too wide) in paragraph at lines 147--147
 [][] [][][]\T1/ptm/m/n/10.95 R code to gen-er-ate [][][]Quantile-Quantile ([])
[] quan-tile statis-tics for facetted wrapped 
 []


Overfull \hbox (0.89603pt too wide) in paragraph at lines 179--179
 [][] [][][]\T1/ptm/m/n/10.95 R code for word could by li-braries (word-cloud),
 (tm), (RXKCD): Mar-i-ana Trench 
 []


Package Fancyhdr Warning: \headheight is too small (12.0pt): 
 Make it at least 13.59999pt.
 We now make it that large for the rest of the document.
 This may cause the page layout to be inconsistent, however.

[7])
\tf@toc=\write9
\openout9 = `PhD-Thesis-Lemenkova.toc'.



Package Fancyhdr Warning: \headheight is too small (12.0pt): 
 Make it at least 13.59999pt.
 We now make it that large for the rest of the document.
 This may cause the page layout to be inconsistent, however.

[8]
Underfull \hbox (badness 10000) in paragraph at lines 285--286

 []


Underfull \hbox (badness 10000) in paragraph at lines 294--295

 []

[9

] [10

]
LaTeX Font Info:    Font shape `T1/ptm/bx/it' in size <10.95> not available
(Font)              Font shape `T1/ptm/b/it' tried instead on input line 311.
 [11

] (./PhD-Thesis-Lemenkova.equ
Missing character: There is no ’ in font ptmr8t!
)
\tf@equ=\write10
\openout10 = `PhD-Thesis-Lemenkova.equ'.

 [12

]
LaTeX Font Info:    Font shape `OT1/ptm/bx/n' in size <24.88> not available
(Font)              Font shape `OT1/ptm/b/n' tried instead on input line 325.
LaTeX Font Info:    Font shape `OT1/ptm/bx/n' in size <17.28> not available
(Font)              Font shape `OT1/ptm/b/n' tried instead on input line 325.
LaTeX Font Info:    Font shape `OT1/ptm/bx/n' in size <14.4> not available
(Font)              Font shape `OT1/ptm/b/n' tried instead on input line 325.
LaTeX Font Info:    Font shape `OT1/ptm/bx/n' in size <9> not available
(Font)              Font shape `OT1/ptm/b/n' tried instead on input line 325.
LaTeX Font Info:    Font shape `OT1/ptm/bx/n' in size <7> not available
(Font)              Font shape `OT1/ptm/b/n' tried instead on input line 325.
LaTeX Font Info:    Font shape `OT1/ptm/bx/n' in size <5> not available
(Font)              Font shape `OT1/ptm/b/n' tried instead on input line 325.
 [13

]
Underfull \hbox (badness 10000) in paragraph at lines 354--355

 []

[14

] (./PhD-Thesis-Lemenkova.lof
Package acronym Info: Label `acro:QGIS' newly defined as it shall be overridden

although it is yet undefined on input line 6.
Package acronym Info: Label `acro:ECDF' newly defined as it shall be overridden

although it is yet undefined on input line 23.
 [15

]
Overfull \hbox (1.8919pt too wide) in paragraph at lines 47--47
 [][] [][][]\T1/ptm/m/n/10.95 Pearson cor-re-la-tion for the Mar-i-ana Trench g
e-o-mor-pho-log-i-cal im-pact fac-tors (left). Spear- 
 []


Package Fancyhdr Warning: \headheight is too small (12.0pt): 
 Make it at least 13.59999pt.
 We now make it that large for the rest of the document.
 This may cause the page layout to be inconsistent, however.

[16])
\tf@lof=\write11
\openout11 = `PhD-Thesis-Lemenkova.lof'.



Package Fancyhdr Warning: \headheight is too small (12.0pt): 
 Make it at least 13.59999pt.
 We now make it that large for the rest of the document.
 This may cause the page layout to be inconsistent, however.

[17] [18

] [1

]
Chapter 1.
LaTeX Font Info:    Font shape `T1/ptm/bx/n' in size <20.74> not available
(Font)              Font shape `T1/ptm/b/n' tried instead on input line 406.
Package acronym Info: Label `acro:GIS' newly defined as it shall be overridden
although it is yet undefined on input line 411.
LaTeX Font Info:    Font shape `T1/ptm/bx/n' in size <14.4> not available
(Font)              Font shape `T1/ptm/b/n' tried instead on input line 413.
[2

]
LaTeX Font Info:    Font shape `T1/ptm/bx/n' in size <12> not available
(Font)              Font shape `T1/ptm/b/n' tried instead on input line 417.

Underfull \hbox (badness 10000) in paragraph at lines 418--419

 []


Underfull \hbox (badness 10000) in paragraph at lines 440--441

 []


Package Fancyhdr Warning: \headheight is too small (12.0pt): 
 Make it at least 13.59999pt.
 We now make it that large for the rest of the document.
 This may cause the page layout to be inconsistent, however.

[3]

Package Fancyhdr Warning: \headheight is too small (12.0pt): 
 Make it at least 13.59999pt.
 We now make it that large for the rest of the document.
 This may cause the page layout to be inconsistent, however.

[4]
Chapter 2.
File: Fig-4-1-1a.jpg Graphic file (type bmp)
<Fig-4-1-1a.jpg>
LaTeX Font Info:    Font shape `T1/ptm/bx/n' in size <10> not available
(Font)              Font shape `T1/ptm/b/n' tried instead on input line 480.

LaTeX Warning: Reference `Ishibashietal2015' on page 5 undefined on input line 
483.


LaTeX Warning: Reference `Butuzova2003' on page 5 undefined on input line 483.

[5

]
Missing character: There is no – in font ptmr8t!
Missing character: There is no – in font ptmr8t!


Package Fancyhdr Warning: \headheight is too small (12.0pt): 
 Make it at least 13.59999pt.
 We now make it that large for the rest of the document.
 This may cause the page layout to be inconsistent, however.

[6]
File: Fig-2-1-1.jpg Graphic file (type bmp)
<Fig-2-1-1.jpg>


Package Fancyhdr Warning: \headheight is too small (12.0pt): 
 Make it at least 13.59999pt.
 We now make it that large for the rest of the document.
 This may cause the page layout to be inconsistent, however.

[7]
Missing character: There is no ’ in font ptmr8t!
File: Fig-2-1-6.jpg Graphic file (type bmp)
<Fig-2-1-6.jpg>


Package Fancyhdr Warning: \headheight is too small (12.0pt): 
 Make it at least 13.59999pt.
 We now make it that large for the rest of the document.
 This may cause the page layout to be inconsistent, however.

[8]
File: Fig-2-1-5.jpg Graphic file (type bmp)
<Fig-2-1-5.jpg>


Package Fancyhdr Warning: \headheight is too small (12.0pt): 
 Make it at least 13.59999pt.
 We now make it that large for the rest of the document.
 This may cause the page layout to be inconsistent, however.

[9]
File: Fig-2-1-2.jpg Graphic file (type bmp)
<Fig-2-1-2.jpg>


Package Fancyhdr Warning: \headheight is too small (12.0pt): 
 Make it at least 13.59999pt.
 We now make it that large for the rest of the document.
 This may cause the page layout to be inconsistent, however.

[10]

Package Fancyhdr Warning: \headheight is too small (12.0pt): 
 Make it at least 13.59999pt.
 We now make it that large for the rest of the document.
 This may cause the page layout to be inconsistent, however.

[11]

Package Fancyhdr Warning: \headheight is too small (12.0pt): 
 Make it at least 13.59999pt.
 We now make it that large for the rest of the document.
 This may cause the page layout to be inconsistent, however.

[12]
Missing character: There is no ’ in font ptmr8t!
Missing character: There is no ’ in font ptmr8t!
File: Fig-2-1-3.jpg Graphic file (type bmp)
<Fig-2-1-3.jpg>


Package Fancyhdr Warning: \headheight is too small (12.0pt): 
 Make it at least 13.59999pt.
 We now make it that large for the rest of the document.
 This may cause the page layout to be inconsistent, however.

[13]
Missing character: There is no – in font ptmr8t!
Missing character: There is no ’ in font ptmr8t!
Missing character: There is no ’ in font ptmr8t!
Missing character: There is no ’ in font ptmr8t!
File: Fig-2-1-4.jpg Graphic file (type bmp)
<Fig-2-1-4.jpg>


Package Fancyhdr Warning: \headheight is too small (12.0pt): 
 Make it at least 13.59999pt.
 We now make it that large for the rest of the document.
 This may cause the page layout to be inconsistent, however.

[14]
Missing character: There is no ’ in font ptmr8t!
Missing character: There is no ’ in font ptmr8t!
Missing character: There is no – in font ptmr8t!
Missing character: There is no ∼ in font ptmr8t!
Missing character: There is no – in font ptmr8t!
Missing character: There is no – in font ptmr8t!
Missing character: There is no Č in font ptmr8t!
Missing character: There is no ́ in font ptmr8t!
Missing character: There is no ž in font ptmr8t!


Package Fancyhdr Warning: \headheight is too small (12.0pt): 
 Make it at least 13.59999pt.
 We now make it that large for the rest of the document.
 This may cause the page layout to be inconsistent, however.

[15]

Package Fancyhdr Warning: \headheight is too small (12.0pt): 
 Make it at least 13.59999pt.
 We now make it that large for the rest of the document.
 This may cause the page layout to be inconsistent, however.

[16]
Underfull \hbox (badness 10000) in paragraph at lines 566--567

 []


Package Fancyhdr Warning: \headheight is too small (12.0pt): 
 Make it at least 13.59999pt.
 We now make it that large for the rest of the document.
 This may cause the page layout to be inconsistent, however.

[17]

Package Fancyhdr Warning: \headheight is too small (12.0pt): 
 Make it at least 13.59999pt.
 We now make it that large for the rest of the document.
 This may cause the page layout to be inconsistent, however.

[18]

Package Fancyhdr Warning: \headheight is too small (12.0pt): 
 Make it at least 13.59999pt.
 We now make it that large for the rest of the document.
 This may cause the page layout to be inconsistent, however.

[19]

LaTeX Warning: Citation 'Nunouraetal2015' on page 20 undefined on input line 74
0.


Package Fancyhdr Warning: \headheight is too small (12.0pt): 
 Make it at least 13.59999pt.
 We now make it that large for the rest of the document.
 This may cause the page layout to be inconsistent, however.

[20]
Chapter 3.
File: Fig-3-1-1.jpg Graphic file (type bmp)
<Fig-3-1-1.jpg>
File: Fig-4-1-1b.jpg Graphic file (type bmp)
<Fig-4-1-1b.jpg>
[21

]
Missing character: There is no “ in font ptmr8t!
Missing character: There is no ” in font ptmr8t!
File: Fig-3-1-2.jpg Graphic file (type bmp)
<Fig-3-1-2.jpg>


Package Fancyhdr Warning: \headheight is too small (12.0pt): 
 Make it at least 13.59999pt.
 We now make it that large for the rest of the document.
 This may cause the page layout to be inconsistent, however.

[22]
Overfull \vbox (18.70732pt too high) has occurred while \output is active []



Package Fancyhdr Warning: \headheight is too small (12.0pt): 
 Make it at least 13.59999pt.
 We now make it that large for the rest of the document.
 This may cause the page layout to be inconsistent, however.

[23]
Chapter 4.
Package acronym Info: Label `acro:KDE' newly defined as it shall be overridden
although it is yet undefined on input line 842.
Missing character: There is no “ in font ptmr8t!
Missing character: There is no ” in font ptmr8t!
[24

]
Missing character: There is no “ in font ptmr8t!
Missing character: There is no ” in font ptmr8t!
Package acronym Info: Label `acro:CTAN' newly defined as it shall be overridden

although it is yet undefined on input line 878.
Package acronym Info: Label `acro:UTM' newly defined as it shall be overridden
although it is yet undefined on input line 880.


Package Fancyhdr Warning: \headheight is too small (12.0pt): 
 Make it at least 13.59999pt.
 We now make it that large for the rest of the document.
 This may cause the page layout to be inconsistent, however.

[25]
File: Fig-4-2-1.jpg Graphic file (type bmp)
<Fig-4-2-1.jpg>
LaTeX Font Info:    Font shape `OT1/ptm/bx/n' in size <10> not available
(Font)              Font shape `OT1/ptm/b/n' tried instead on input line 889.
LaTeX Font Info:    Font shape `OT1/ptm/bx/n' in size <7.4> not available
(Font)              Font shape `OT1/ptm/b/n' tried instead on input line 889.
File: Fig-4-2-2.jpg Graphic file (type bmp)
<Fig-4-2-2.jpg>
File: Fig-4-2-3.jpg Graphic file (type bmp)
<Fig-4-2-3.jpg>


Package Fancyhdr Warning: \headheight is too small (12.0pt): 
 Make it at least 13.59999pt.
 We now make it that large for the rest of the document.
 This may cause the page layout to be inconsistent, however.

[26]
Overfull \vbox (27.73392pt too high) has occurred while \output is active []



Package Fancyhdr Warning: \headheight is too small (12.0pt): 
 Make it at least 13.59999pt.
 We now make it that large for the rest of the document.
 This may cause the page layout to be inconsistent, however.

[27]
File: Fig-4-3-1.jpg Graphic file (type bmp)
<Fig-4-3-1.jpg>


Package Fancyhdr Warning: \headheight is too small (12.0pt): 
 Make it at least 13.59999pt.
 We now make it that large for the rest of the document.
 This may cause the page layout to be inconsistent, however.

[28]
Overfull \vbox (4.88995pt too high) has occurred while \output is active []



Package Fancyhdr Warning: \headheight is too small (12.0pt): 
 Make it at least 13.59999pt.
 We now make it that large for the rest of the document.
 This may cause the page layout to be inconsistent, however.

[29]
Missing character: There is no ‘ in font ptmr8t!
Missing character: There is no ’ in font ptmr8t!
Missing character: There is no ‘ in font ptmr8t!
Missing character: There is no ’ in font ptmr8t!
Missing character: There is no – in font ptmr8t!
Missing character: There is no ‘ in font ptmr8t!
Missing character: There is no ’ in font ptmr8t!
Missing character: There is no – in font ptmr8t!
Missing character: There is no ‘ in font ptmr8t!
Missing character: There is no ’ in font ptmr8t!
Missing character: There is no – in font ptmr8t!
Missing character: There is no ‘ in font ptmr8t!
Missing character: There is no ’ in font ptmr8t!
Missing character: There is no ‘ in font ptmr8t!
Missing character: There is no ’ in font ptmr8t!
Missing character: There is no ‘ in font ptmr8t!
Missing character: There is no ’ in font ptmr8t!
Missing character: There is no ’ in font ptmr8t!
File: Fig-4-3.jpg Graphic file (type bmp)
<Fig-4-3.jpg>


Package Fancyhdr Warning: \headheight is too small (12.0pt): 
 Make it at least 13.59999pt.
 We now make it that large for the rest of the document.
 This may cause the page layout to be inconsistent, however.

[30]
File: Fig-4-3-1b.jpg Graphic file (type bmp)
<Fig-4-3-1b.jpg>
File: Fig-4-3-3.jpg Graphic file (type bmp)
<Fig-4-3-3.jpg>


Package Fancyhdr Warning: \headheight is too small (12.0pt): 
 Make it at least 13.59999pt.
 We now make it that large for the rest of the document.
 This may cause the page layout to be inconsistent, however.

[31]
File: Fig-4-3-1k.jpg Graphic file (type bmp)
<Fig-4-3-1k.jpg>


Package Fancyhdr Warning: \headheight is too small (12.0pt): 
 Make it at least 13.59999pt.
 We now make it that large for the rest of the document.
 This may cause the page layout to be inconsistent, however.

[32]
File: Fig-4-3-2a.jpg Graphic file (type bmp)
<Fig-4-3-2a.jpg>


Package Fancyhdr Warning: \headheight is too small (12.0pt): 
 Make it at least 13.59999pt.
 We now make it that large for the rest of the document.
 This may cause the page layout to be inconsistent, however.

[33]

Package Fancyhdr Warning: \headheight is too small (12.0pt): 
 Make it at least 13.59999pt.
 We now make it that large for the rest of the document.
 This may cause the page layout to be inconsistent, however.

[34]
File: Fig-4-3-2b.jpg Graphic file (type bmp)
<Fig-4-3-2b.jpg>
File: Fig-4-3-4.jpg Graphic file (type bmp)
<Fig-4-3-4.jpg>


Package Fancyhdr Warning: \headheight is too small (12.0pt): 
 Make it at least 13.59999pt.
 We now make it that large for the rest of the document.
 This may cause the page layout to be inconsistent, however.

[35]

Package Fancyhdr Warning: \headheight is too small (12.0pt): 
 Make it at least 13.59999pt.
 We now make it that large for the rest of the document.
 This may cause the page layout to be inconsistent, however.

[36]
File: Fig-4-3-5.jpg Graphic file (type bmp)
<Fig-4-3-5.jpg>
File: Fig-4-3-6.jpg Graphic file (type bmp)
<Fig-4-3-6.jpg>


Package Fancyhdr Warning: \headheight is too small (12.0pt): 
 Make it at least 13.59999pt.
 We now make it that large for the rest of the document.
 This may cause the page layout to be inconsistent, however.

[37]
File: Fig-4-3-7.jpg Graphic file (type bmp)
<Fig-4-3-7.jpg>


Package Fancyhdr Warning: \headheight is too small (12.0pt): 
 Make it at least 13.59999pt.
 We now make it that large for the rest of the document.
 This may cause the page layout to be inconsistent, however.

[38]
File: Fig-4-3-8.jpg Graphic file (type bmp)
<Fig-4-3-8.jpg>
File: Fig-4-3-9.jpg Graphic file (type bmp)
<Fig-4-3-9.jpg>


Package Fancyhdr Warning: \headheight is too small (12.0pt): 
 Make it at least 13.59999pt.
 We now make it that large for the rest of the document.
 This may cause the page layout to be inconsistent, however.

[39]
File: Fig-4-3-10.jpg Graphic file (type bmp)
<Fig-4-3-10.jpg>


Package Fancyhdr Warning: \headheight is too small (12.0pt): 
 Make it at least 13.59999pt.
 We now make it that large for the rest of the document.
 This may cause the page layout to be inconsistent, however.

[40]
File: Fig-4-3-D.jpg Graphic file (type bmp)
<Fig-4-3-D.jpg>


Package Fancyhdr Warning: \headheight is too small (12.0pt): 
 Make it at least 13.59999pt.
 We now make it that large for the rest of the document.
 This may cause the page layout to be inconsistent, however.

[41]
Missing character: There is no – in font ptmr8t!
File: Fig-4-3-R.jpg Graphic file (type bmp)
<Fig-4-3-R.jpg>


Package Fancyhdr Warning: \headheight is too small (12.0pt): 
 Make it at least 13.59999pt.
 We now make it that large for the rest of the document.
 This may cause the page layout to be inconsistent, however.

[42]
Missing character: There is no “ in font ptmr8t!
Missing character: There is no ” in font ptmr8t!
File: Fig-4-3-W.jpg Graphic file (type bmp)
<Fig-4-3-W.jpg>
Missing character: There is no “ in font ptmr8t!
Missing character: There is no ” in font ptmr8t!


Package Fancyhdr Warning: \headheight is too small (12.0pt): 
 Make it at least 13.59999pt.
 We now make it that large for the rest of the document.
 This may cause the page layout to be inconsistent, however.

[43]
File: Fig-4-3-M.jpg Graphic file (type bmp)
<Fig-4-3-M.jpg>
Missing character: There is no − in font ptmr8t!


Package Fancyhdr Warning: \headheight is too small (12.0pt): 
 Make it at least 13.59999pt.
 We now make it that large for the rest of the document.
 This may cause the page layout to be inconsistent, however.

[44]
File: Fig-4-3-As.jpg Graphic file (type bmp)
<Fig-4-3-As.jpg>


Package Fancyhdr Warning: \headheight is too small (12.0pt): 
 Make it at least 13.59999pt.
 We now make it that large for the rest of the document.
 This may cause the page layout to be inconsistent, however.

[45]
File: Fig-4-3-11.jpg Graphic file (type bmp)
<Fig-4-3-11.jpg>
File: Fig-4-3-12.jpg Graphic file (type bmp)
<Fig-4-3-12.jpg>


Package Fancyhdr Warning: \headheight is too small (12.0pt): 
 Make it at least 13.59999pt.
 We now make it that large for the rest of the document.
 This may cause the page layout to be inconsistent, however.

[46]
File: Fig-4-3-13.jpg Graphic file (type bmp)
<Fig-4-3-13.jpg>


Package Fancyhdr Warning: \headheight is too small (12.0pt): 
 Make it at least 13.59999pt.
 We now make it that large for the rest of the document.
 This may cause the page layout to be inconsistent, however.

[47]
Missing character: There is no – in font ptmr8t!
File: Fig-4-3-14.jpg Graphic file (type bmp)
<Fig-4-3-14.jpg>


Package Fancyhdr Warning: \headheight is too small (12.0pt): 
 Make it at least 13.59999pt.
 We now make it that large for the rest of the document.
 This may cause the page layout to be inconsistent, however.

[48]
File: Fig-4-3-15.jpg Graphic file (type bmp)
<Fig-4-3-15.jpg>


Package Fancyhdr Warning: \headheight is too small (12.0pt): 
 Make it at least 13.59999pt.
 We now make it that large for the rest of the document.
 This may cause the page layout to be inconsistent, however.

[49]
File: Fig-4-3-16.jpg Graphic file (type bmp)
<Fig-4-3-16.jpg>
File: Fig-4-3-17.jpg Graphic file (type bmp)
<Fig-4-3-17.jpg>


Package Fancyhdr Warning: \headheight is too small (12.0pt): 
 Make it at least 13.59999pt.
 We now make it that large for the rest of the document.
 This may cause the page layout to be inconsistent, however.

[50]
File: Fig-4-4.jpg Graphic file (type bmp)
<Fig-4-4.jpg>

Overfull \hbox (7.89177pt too wide) in paragraph at lines 1157--1162
\T1/ptm/m/n/10.95 The nor-mal-ized steep-ness was com-puted as a steep-ness of 
dom-i-nance hi-er-ar-chies of slope an-gle (Fig.[][]4.327[][]).
 []


Package Fancyhdr Warning: \headheight is too small (12.0pt): 
 Make it at least 13.59999pt.
 We now make it that large for the rest of the document.
 This may cause the page layout to be inconsistent, however.

[51]
Overfull \hbox (5.92233pt too wide) in paragraph at lines 1165--1166
\T1/ptm/m/n/10.95 This sub-sub-sec-tion is based on the au-thor's pub-li-ca-tio
n ([][][]Lemenkova, [][]2018b[][]) in-dexed by [][]arXiv:1812.01099[][].
 []


Underfull \hbox (badness 10000) in paragraph at lines 1168--1169

 []

Missing character: There is no − in font ptmr8t!
Missing character: There is no − in font ptmr8t!

Package Fancyhdr Warning: \headheight is too small (12.0pt): 
 Make it at least 13.59999pt.
 We now make it that large for the rest of the document.
 This may cause the page layout to be inconsistent, however.

[52]
File: Fig-4-56.jpg Graphic file (type bmp)
<Fig-4-56.jpg>
Missing character: There is no ’ in font ptmr8t!

Underfull \hbox (badness 10000) in paragraph at lines 1183--1184

 []

Missing character: There is no ⁡ in font ptmr8t!
Missing character: There is no − in font ptmr8t!
Missing character: There is no ⁡ in font ptmr8t!

Underfull \hbox (badness 10000) in paragraph at lines 1187--1190

 []

Missing character: There is no ’ in font ptmr8t!
Missing character: There is no − in font ptmr8t!

Package Fancyhdr Warning: \headheight is too small (12.0pt): 
 Make it at least 13.59999pt.
 We now make it that large for the rest of the document.
 This may cause the page layout to be inconsistent, however.

[53]
Missing character: There is no – in font ptmr8t!

Underfull \hbox (badness 10000) in paragraph at lines 1197--1199

 []

File: Fig-4-7-8.jpg Graphic file (type bmp)
<Fig-4-7-8.jpg>

Package Fancyhdr Warning: \headheight is too small (12.0pt): 
 Make it at least 13.59999pt.
 We now make it that large for the rest of the document.
 This may cause the page layout to be inconsistent, however.

[54]
File: Fig-4-9-10.jpg Graphic file (type bmp)
<Fig-4-9-10.jpg>
Missing character: There is no “ in font ptmr8t!
Missing character: There is no ” in font ptmr8t!
File: Fig-4-3-8a.jpg Graphic file (type bmp)
<Fig-4-3-8a.jpg>
File: Fig-4-3-8b.jpg Graphic file (type bmp)
<Fig-4-3-8b.jpg>

Underfull \hbox (badness 10000) in paragraph at lines 1218--1225

 []


Package Fancyhdr Warning: \headheight is too small (12.0pt): 
 Make it at least 13.59999pt.
 We now make it that large for the rest of the document.
 This may cause the page layout to be inconsistent, however.

[55]
File: Fig-4-3-8c.jpg Graphic file (type bmp)
<Fig-4-3-8c.jpg>

Overfull \hbox (12.40337pt too wide) in paragraph at lines 1226--1231
\T1/ptm/m/n/10.95 flowchart in-clude fol-low-ing steps: cre-at-ing un-sorted an
d sorted den-dro-grams (Fig. [][]4.331[][]), cross-comparison
 []

File: Fig-4-3-8d.jpg Graphic file (type bmp)
<Fig-4-3-8d.jpg>
File: Fig-4-3-8e.jpg Graphic file (type bmp)
<Fig-4-3-8e.jpg>

Package Fancyhdr Warning: \headheight is too small (12.0pt): 
 Make it at least 13.59999pt.
 We now make it that large for the rest of the document.
 This may cause the page layout to be inconsistent, however.

[56]
File: Fig-4-3-20.jpg Graphic file (type bmp)
<Fig-4-3-20.jpg>


Package Fancyhdr Warning: \headheight is too small (12.0pt): 
 Make it at least 13.59999pt.
 We now make it that large for the rest of the document.
 This may cause the page layout to be inconsistent, however.

[57]
Missing character: There is no – in font ptmr8t!
File: Fig-4-3-9a.jpg Graphic file (type bmp)
<Fig-4-3-9a.jpg>
File: Fig-4-3-9b.jpg Graphic file (type bmp)
<Fig-4-3-9b.jpg>


Package Fancyhdr Warning: \headheight is too small (12.0pt): 
 Make it at least 13.59999pt.
 We now make it that large for the rest of the document.
 This may cause the page layout to be inconsistent, however.

[58]
Missing character: There is no “ in font ptmr8t!
Missing character: There is no ” in font ptmr8t!
Missing character: There is no “ in font ptmr8t!
Missing character: There is no ” in font ptmr8t!
Missing character: There is no “ in font ptmr8t!
Missing character: There is no ” in font ptmr8t!
Missing character: There is no “ in font ptmr8t!
Missing character: There is no ” in font ptmr8t!
Missing character: There is no “ in font ptmr8t!
Missing character: There is no ” in font ptmr8t!
Missing character: There is no “ in font ptmr8t!
Missing character: There is no ” in font ptmr8t!
File: Fig-4-3-9c.jpg Graphic file (type bmp)
<Fig-4-3-9c.jpg>
File: Fig-4-3-9d.jpg Graphic file (type bmp)
<Fig-4-3-9d.jpg>


Package Fancyhdr Warning: \headheight is too small (12.0pt): 
 Make it at least 13.59999pt.
 We now make it that large for the rest of the document.
 This may cause the page layout to be inconsistent, however.

[59]
File: Fig-4-3-9e.jpg Graphic file (type bmp)
<Fig-4-3-9e.jpg>
File: Fig-4-3-9f.jpg Graphic file (type bmp)
<Fig-4-3-9f.jpg>
File: Fig-4-3-9g.jpg Graphic file (type bmp)
<Fig-4-3-9g.jpg>
File: Fig-4-3-9h.jpg Graphic file (type bmp)
<Fig-4-3-9h.jpg>


Package Fancyhdr Warning: \headheight is too small (12.0pt): 
 Make it at least 13.59999pt.
 We now make it that large for the rest of the document.
 This may cause the page layout to be inconsistent, however.

[60]

Package Fancyhdr Warning: \headheight is too small (12.0pt): 
 Make it at least 13.59999pt.
 We now make it that large for the rest of the document.
 This may cause the page layout to be inconsistent, however.

[61]
File: Fig-ANOVA.jpg Graphic file (type bmp)
<Fig-ANOVA.jpg>
Missing character: There is no ’ in font ptmr8t!
Missing character: There is no ’ in font ptmr8t!
Missing character: There is no “ in font ptmr8t!


Package Fancyhdr Warning: \headheight is too small (12.0pt): 
 Make it at least 13.59999pt.
 We now make it that large for the rest of the document.
 This may cause the page layout to be inconsistent, however.

[62]
File: Fig-4-3-10a.jpg Graphic file (type bmp)
<Fig-4-3-10a.jpg>
File: Fig-4-3-10b.jpg Graphic file (type bmp)
<Fig-4-3-10b.jpg>
File: Fig-4-3-10c.jpg Graphic file (type bmp)
<Fig-4-3-10c.jpg>


Package Fancyhdr Warning: \headheight is too small (12.0pt): 
 Make it at least 13.59999pt.
 We now make it that large for the rest of the document.
 This may cause the page layout to be inconsistent, however.

[63]
File: Fig-4-3-19.jpg Graphic file (type bmp)
<Fig-4-3-19.jpg>


Package Fancyhdr Warning: \headheight is too small (12.0pt): 
 Make it at least 13.59999pt.
 We now make it that large for the rest of the document.
 This may cause the page layout to be inconsistent, however.

[64]

Package Fancyhdr Warning: \headheight is too small (12.0pt): 
 Make it at least 13.59999pt.
 We now make it that large for the rest of the document.
 This may cause the page layout to be inconsistent, however.

[65]
Chapter 5.
[66

]
Missing character: There is no “ in font ptmr8t!
Missing character: There is no ” in font ptmr8t!
Missing character: There is no “ in font ptmr8t!
Missing character: There is no ” in font ptmr8t!
Missing character: There is no “ in font ptmr8t!
Missing character: There is no ” in font ptmr8t!
Missing character: There is no “ in font ptmr8t!
Missing character: There is no ” in font ptmr8t!
File: Fig-4-3-18.jpg Graphic file (type bmp)
<Fig-4-3-18.jpg>


Package Fancyhdr Warning: \headheight is too small (12.0pt): 
 Make it at least 13.59999pt.
 We now make it that large for the rest of the document.
 This may cause the page layout to be inconsistent, however.

[67]

Package Fancyhdr Warning: \headheight is too small (12.0pt): 
 Make it at least 13.59999pt.
 We now make it that large for the rest of the document.
 This may cause the page layout to be inconsistent, however.

[68]
Missing character: There is no – in font ptmr8t!


Package Fancyhdr Warning: \headheight is too small (12.0pt): 
 Make it at least 13.59999pt.
 We now make it that large for the rest of the document.
 This may cause the page layout to be inconsistent, however.

[69]
File: Fig-5-01.jpg Graphic file (type bmp)
<Fig-5-01.jpg>
Missing character: There is no Č in font ptmr8t!
Missing character: There is no ́ in font ptmr8t!
Missing character: There is no ž in font ptmr8t!


Package Fancyhdr Warning: \headheight is too small (12.0pt): 
 Make it at least 13.59999pt.
 We now make it that large for the rest of the document.
 This may cause the page layout to be inconsistent, however.

[70]

Package Fancyhdr Warning: \headheight is too small (12.0pt): 
 Make it at least 13.59999pt.
 We now make it that large for the rest of the document.
 This may cause the page layout to be inconsistent, however.

[71]
Chapter 6.
[72

]

Package Fancyhdr Warning: \headheight is too small (12.0pt): 
 Make it at least 25.10403pt.
 We now make it that large for the rest of the document.
 This may cause the page layout to be inconsistent, however.

[73]
Chapter 7.
[74

]
Chapter 8.
[75

]
\blx@maxsegment@1=\count491
\blx@sectionciteorder@1=\count492
Package biblatex Info: Reference section=1 on input line 1434.
Package biblatex Info: Setting label 'refsection:1' on input line 1434.

Chapter 9.
Package microtype Info: Loading generic protrusion settings for font family
(microtype)             `pcr' (encoding: T1).
(microtype)             For optimal results, create family-specific settings.
(microtype)             See the microtype manual for details.
Package biblatex Info: Reference section=0 on input line 1445.
[76

] [1

]
Appendix A.
LaTeX Font Info:    Font shape `OT1/ptm/bx/n' in size <12> not available
(Font)              Font shape `OT1/ptm/b/n' tried instead on input line 1458.
LaTeX Font Info:    Font shape `T1/ptm/bx/n' in size <9> not available
(Font)              Font shape `T1/ptm/b/n' tried instead on input line 1458.

Overfull \hbox (8.03731pt too wide) in paragraph at lines 1477--1477
[]\T1/pcr/m/n/10.95 \addplot+ [scatter, colorbar sampled line,only marks,mark=1
0-pointed star,colormap[] 
 []

[2

]

Package Fancyhdr Warning: \headheight is too small (12.0pt): 
 Make it at least 13.59999pt.
 We now make it that large for the rest of the document.
 This may cause the page layout to be inconsistent, however.

[3]

Package Fancyhdr Warning: \headheight is too small (12.0pt): 
 Make it at least 13.59999pt.
 We now make it that large for the rest of the document.
 This may cause the page layout to be inconsistent, however.

[4]

Package Fancyhdr Warning: \headheight is too small (12.0pt): 
 Make it at least 13.59999pt.
 We now make it that large for the rest of the document.
 This may cause the page layout to be inconsistent, however.

[5]
Missing character: There is no п in font pcrr8tn!
Missing character: There is no р in font pcrr8tn!
Missing character: There is no о in font pcrr8tn!
Missing character: There is no в in font pcrr8tn!
Missing character: There is no е in font pcrr8tn!
Missing character: There is no р in font pcrr8tn!
Missing character: There is no я in font pcrr8tn!
Missing character: There is no е in font pcrr8tn!
Missing character: There is no м in font pcrr8tn!
Missing character: There is no у in font pcrr8tn!
Missing character: There is no д in font pcrr8tn!
Missing character: There is no а in font pcrr8tn!
Missing character: There is no л in font pcrr8tn!
Missing character: There is no и in font pcrr8tn!
Missing character: There is no л in font pcrr8tn!
Missing character: There is no л in font pcrr8tn!
Missing character: There is no и in font pcrr8tn!
Missing character: There is no в in font pcrr8tn!
Missing character: There is no с in font pcrr8tn!
Missing character: There is no е in font pcrr8tn!


Package Fancyhdr Warning: \headheight is too small (12.0pt): 
 Make it at least 13.59999pt.
 We now make it that large for the rest of the document.
 This may cause the page layout to be inconsistent, however.

[6]

Package Fancyhdr Warning: \headheight is too small (12.0pt): 
 Make it at least 13.59999pt.
 We now make it that large for the rest of the document.
 This may cause the page layout to be inconsistent, however.

[7]

Package Fancyhdr Warning: \headheight is too small (12.0pt): 
 Make it at least 13.59999pt.
 We now make it that large for the rest of the document.
 This may cause the page layout to be inconsistent, however.

[8]
Missing character: There is no С in font pcrr8tn!


Package Fancyhdr Warning: \headheight is too small (12.0pt): 
 Make it at least 13.59999pt.
 We now make it that large for the rest of the document.
 This may cause the page layout to be inconsistent, however.

[9]
Missing character: There is no ‘ in font pcrr8tn!
Missing character: There is no ’ in font pcrr8tn!
Missing character: There is no ‘ in font pcrr8tn!
Missing character: There is no ’ in font pcrr8tn!
Missing character: There is no ‘ in font pcrr8tn!
Missing character: There is no ’ in font pcrr8tn!
Missing character: There is no ‘ in font pcrr8tn!
Missing character: There is no ’ in font pcrr8tn!
Missing character: There is no ‘ in font pcrr8tn!
Missing character: There is no ’ in font pcrr8tn!
Missing character: There is no ‘ in font pcrr8tn!
Missing character: There is no ’ in font pcrr8tn!
Missing character: There is no ‘ in font pcrr8tn!
Missing character: There is no ’ in font pcrr8tn!
Missing character: There is no ‘ in font pcrr8tn!
Missing character: There is no ’ in font pcrr8tn!
Missing character: There is no ‘ in font pcrr8tn!
Missing character: There is no ’ in font pcrr8tn!
Missing character: There is no ‘ in font pcrr8tn!
Missing character: There is no ’ in font pcrr8tn!
Missing character: There is no ‘ in font pcrr8tn!
Missing character: There is no ’ in font pcrr8tn!
Missing character: There is no ‘ in font pcrr8tn!
Missing character: There is no ’ in font pcrr8tn!


Package Fancyhdr Warning: \headheight is too small (12.0pt): 
 Make it at least 13.59999pt.
 We now make it that large for the rest of the document.
 This may cause the page layout to be inconsistent, however.

[10]

Package Fancyhdr Warning: \headheight is too small (12.0pt): 
 Make it at least 13.59999pt.
 We now make it that large for the rest of the document.
 This may cause the page layout to be inconsistent, however.

[11]
Missing character: There is no ‘ in font pcrr8tn!
Missing character: There is no ’ in font pcrr8tn!
Missing character: There is no ‘ in font pcrr8tn!
Missing character: There is no ’ in font pcrr8tn!
Missing character: There is no ‘ in font pcrr8tn!
Missing character: There is no ’ in font pcrr8tn!
Missing character: There is no ‘ in font pcrr8tn!
Missing character: There is no ’ in font pcrr8tn!
Missing character: There is no ‘ in font pcrr8tn!
Missing character: There is no ’ in font pcrr8tn!
Missing character: There is no ‘ in font pcrr8tn!
Missing character: There is no ’ in font pcrr8tn!
Missing character: There is no ‘ in font pcrr8tn!
Missing character: There is no ’ in font pcrr8tn!
Missing character: There is no ‘ in font pcrr8tn!
Missing character: There is no ’ in font pcrr8tn!
Missing character: There is no ‘ in font pcrr8tn!
Missing character: There is no ’ in font pcrr8tn!
Missing character: There is no ‘ in font pcrr8tn!
Missing character: There is no ’ in font pcrr8tn!
Missing character: There is no ‘ in font pcrr8tn!
Missing character: There is no ’ in font pcrr8tn!
Missing character: There is no ‘ in font pcrr8tn!
Missing character: There is no ’ in font pcrr8tn!


Package Fancyhdr Warning: \headheight is too small (12.0pt): 
 Make it at least 13.59999pt.
 We now make it that large for the rest of the document.
 This may cause the page layout to be inconsistent, however.

[12]

Package Fancyhdr Warning: \headheight is too small (12.0pt): 
 Make it at least 13.59999pt.
 We now make it that large for the rest of the document.
 This may cause the page layout to be inconsistent, however.

[13]

Package Fancyhdr Warning: \headheight is too small (12.0pt): 
 Make it at least 13.59999pt.
 We now make it that large for the rest of the document.
 This may cause the page layout to be inconsistent, however.

[14]

Package Fancyhdr Warning: \headheight is too small (12.0pt): 
 Make it at least 13.59999pt.
 We now make it that large for the rest of the document.
 This may cause the page layout to be inconsistent, however.

[15]

Package Fancyhdr Warning: \headheight is too small (12.0pt): 
 Make it at least 13.59999pt.
 We now make it that large for the rest of the document.
 This may cause the page layout to be inconsistent, however.

[16]
Missing character: There is no о in font pcrr8tn!
Missing character: There is no т in font pcrr8tn!
Missing character: There is no д in font pcrr8tn!
Missing character: There is no о in font pcrr8tn!
Missing character: There is no б in font pcrr8tn!
Missing character: There is no а in font pcrr8tn!
Missing character: There is no в in font pcrr8tn!
Missing character: There is no л in font pcrr8tn!
Missing character: There is no я in font pcrr8tn!
Missing character: There is no е in font pcrr8tn!
Missing character: There is no м in font pcrr8tn!


Package Fancyhdr Warning: \headheight is too small (12.0pt): 
 Make it at least 13.59999pt.
 We now make it that large for the rest of the document.
 This may cause the page layout to be inconsistent, however.

[17]

Package Fancyhdr Warning: \headheight is too small (12.0pt): 
 Make it at least 13.59999pt.
 We now make it that large for the rest of the document.
 This may cause the page layout to be inconsistent, however.

[18]

Package Fancyhdr Warning: \headheight is too small (12.0pt): 
 Make it at least 13.59999pt.
 We now make it that large for the rest of the document.
 This may cause the page layout to be inconsistent, however.

[19]
Missing character: There is no а in font pcrr8tn!


Package Fancyhdr Warning: \headheight is too small (12.0pt): 
 Make it at least 13.59999pt.
 We now make it that large for the rest of the document.
 This may cause the page layout to be inconsistent, however.

[20]
Missing character: There is no о in font pcrr8tn!
Missing character: There is no т in font pcrr8tn!
Missing character: There is no ш in font pcrr8tn!
Missing character: There is no а in font pcrr8tn!
Missing character: There is no г in font pcrr8tn!
Missing character: There is no п in font pcrr8tn!
Missing character: There is no о in font pcrr8tn!
Missing character: There is no д in font pcrr8tn!
Missing character: There is no с in font pcrr8tn!
Missing character: There is no ч in font pcrr8tn!
Missing character: There is no и in font pcrr8tn!
Missing character: There is no т in font pcrr8tn!
Missing character: There is no ы in font pcrr8tn!
Missing character: There is no в in font pcrr8tn!
Missing character: There is no а in font pcrr8tn!
Missing character: There is no е in font pcrr8tn!
Missing character: There is no м in font pcrr8tn!
Missing character: There is no у in font pcrr8tn!
Missing character: There is no г in font pcrr8tn!
Missing character: There is no л in font pcrr8tn!
Missing character: There is no ы in font pcrr8tn!


Package Fancyhdr Warning: \headheight is too small (12.0pt): 
 Make it at least 13.59999pt.
 We now make it that large for the rest of the document.
 This may cause the page layout to be inconsistent, however.

[21]

Package Fancyhdr Warning: \headheight is too small (12.0pt): 
 Make it at least 13.59999pt.
 We now make it that large for the rest of the document.
 This may cause the page layout to be inconsistent, however.

[22]

Package Fancyhdr Warning: \headheight is too small (12.0pt): 
 Make it at least 13.59999pt.
 We now make it that large for the rest of the document.
 This may cause the page layout to be inconsistent, however.

[23]

Package Fancyhdr Warning: \headheight is too small (12.0pt): 
 Make it at least 13.59999pt.
 We now make it that large for the rest of the document.
 This may cause the page layout to be inconsistent, however.

[24]

Package hyperref Warning: Suppressing link with empty target on input line 2645
.


Package Fancyhdr Warning: \headheight is too small (12.0pt): 
 Make it at least 13.59999pt.
 We now make it that large for the rest of the document.
 This may cause the page layout to be inconsistent, however.

[25]
Missing character: There is no в in font pcrr8tn!
Missing character: There is no ы in font pcrr8tn!
Missing character: There is no ч in font pcrr8tn!
Missing character: There is no и in font pcrr8tn!
Missing character: There is no с in font pcrr8tn!
Missing character: There is no л in font pcrr8tn!
Missing character: There is no е in font pcrr8tn!
Missing character: There is no н in font pcrr8tn!
Missing character: There is no и in font pcrr8tn!
Missing character: There is no е in font pcrr8tn!
Missing character: There is no с in font pcrr8tn!
Missing character: There is no р in font pcrr8tn!
Missing character: There is no е in font pcrr8tn!
Missing character: There is no д in font pcrr8tn!
Missing character: There is no н in font pcrr8tn!
Missing character: There is no е in font pcrr8tn!
Missing character: There is no г in font pcrr8tn!
Missing character: There is no о in font pcrr8tn!
Missing character: There is no з in font pcrr8tn!
Missing character: There is no н in font pcrr8tn!
Missing character: There is no а in font pcrr8tn!
Missing character: There is no ч in font pcrr8tn!
Missing character: There is no е in font pcrr8tn!
Missing character: There is no н in font pcrr8tn!
Missing character: There is no и in font pcrr8tn!
Missing character: There is no я in font pcrr8tn!
Missing character: There is no м in font pcrr8tn!
Missing character: There is no о in font pcrr8tn!
Missing character: There is no ж in font pcrr8tn!
Missing character: There is no н in font pcrr8tn!
Missing character: There is no о in font pcrr8tn!
Missing character: There is no с in font pcrr8tn!
Missing character: There is no д in font pcrr8tn!
Missing character: There is no е in font pcrr8tn!
Missing character: There is no л in font pcrr8tn!
Missing character: There is no а in font pcrr8tn!
Missing character: There is no т in font pcrr8tn!
Missing character: There is no ь in font pcrr8tn!
Missing character: There is no п in font pcrr8tn!
Missing character: There is no а in font pcrr8tn!
Missing character: There is no л in font pcrr8tn!
Missing character: There is no и in font pcrr8tn!
Missing character: There is no т in font pcrr8tn!
Missing character: There is no р in font pcrr8tn!
Missing character: There is no у in font pcrr8tn!
Missing character: There is no с in font pcrr8tn!
Missing character: There is no и in font pcrr8tn!
Missing character: There is no н in font pcrr8tn!
Missing character: There is no е in font pcrr8tn!
Missing character: There is no к in font pcrr8tn!
Missing character: There is no р in font pcrr8tn!
Missing character: There is no а in font pcrr8tn!
Missing character: There is no с in font pcrr8tn!
Missing character: There is no н in font pcrr8tn!
Missing character: There is no о in font pcrr8tn!
Missing character: There is no й in font pcrr8tn!


Package Fancyhdr Warning: \headheight is too small (12.0pt): 
 Make it at least 13.59999pt.
 We now make it that large for the rest of the document.
 This may cause the page layout to be inconsistent, however.

[26]
Missing character: There is no в in font pcrr8tn!
Missing character: There is no а in font pcrr8tn!
Missing character: There is no р in font pcrr8tn!
Missing character: There is no и in font pcrr8tn!
Missing character: There is no а in font pcrr8tn!
Missing character: There is no н in font pcrr8tn!
Missing character: There is no т in font pcrr8tn!
Missing character: There is no с in font pcrr8tn!
Missing character: There is no о in font pcrr8tn!
Missing character: There is no ш in font pcrr8tn!
Missing character: There is no т in font pcrr8tn!
Missing character: There is no р in font pcrr8tn!
Missing character: There is no и in font pcrr8tn!
Missing character: There is no х in font pcrr8tn!
Missing character: There is no о in font pcrr8tn!
Missing character: There is no в in font pcrr8tn!
Missing character: There is no к in font pcrr8tn!
Missing character: There is no о in font pcrr8tn!
Missing character: There is no й in font pcrr8tn!


Package Fancyhdr Warning: \headheight is too small (12.0pt): 
 Make it at least 13.59999pt.
 We now make it that large for the rest of the document.
 This may cause the page layout to be inconsistent, however.

[27]

Package Fancyhdr Warning: \headheight is too small (12.0pt): 
 Make it at least 13.59999pt.
 We now make it that large for the rest of the document.
 This may cause the page layout to be inconsistent, however.

[28]

Package Fancyhdr Warning: \headheight is too small (12.0pt): 
 Make it at least 13.59999pt.
 We now make it that large for the rest of the document.
 This may cause the page layout to be inconsistent, however.

[29]

Package Fancyhdr Warning: \headheight is too small (12.0pt): 
 Make it at least 13.59999pt.
 We now make it that large for the rest of the document.
 This may cause the page layout to be inconsistent, however.

[30]

Package Fancyhdr Warning: \headheight is too small (12.0pt): 
 Make it at least 13.59999pt.
 We now make it that large for the rest of the document.
 This may cause the page layout to be inconsistent, however.

[31]
Missing character: There is no ‘ in font pcrr8tn!
Missing character: There is no ’ in font pcrr8tn!
Missing character: There is no ‘ in font pcrr8tn!
Missing character: There is no ’ in font pcrr8tn!
Missing character: There is no ‘ in font pcrr8tn!
Missing character: There is no ’ in font pcrr8tn!
Missing character: There is no ‘ in font pcrr8tn!
Missing character: There is no ’ in font pcrr8tn!
Missing character: There is no ‘ in font pcrr8tn!
Missing character: There is no ’ in font pcrr8tn!
Missing character: There is no ‘ in font pcrr8tn!
Missing character: There is no ’ in font pcrr8tn!
Missing character: There is no ‘ in font pcrr8tn!
Missing character: There is no ’ in font pcrr8tn!
Missing character: There is no ‘ in font pcrr8tn!
Missing character: There is no ’ in font pcrr8tn!
Missing character: There is no ‘ in font pcrr8tn!
Missing character: There is no ’ in font pcrr8tn!
Missing character: There is no ‘ in font pcrr8tn!
Missing character: There is no ’ in font pcrr8tn!
Missing character: There is no ‘ in font pcrr8tn!
Missing character: There is no ’ in font pcrr8tn!
Missing character: There is no ‘ in font pcrr8tn!
Missing character: There is no ’ in font pcrr8tn!


Package Fancyhdr Warning: \headheight is too small (12.0pt): 
 Make it at least 13.59999pt.
 We now make it that large for the rest of the document.
 This may cause the page layout to be inconsistent, however.

[32]

Package Fancyhdr Warning: \headheight is too small (12.0pt): 
 Make it at least 13.59999pt.
 We now make it that large for the rest of the document.
 This may cause the page layout to be inconsistent, however.

[33]
Missing character: There is no “ in font pcrr8tn!
Missing character: There is no ’ in font pcrr8tn!
Missing character: There is no ’ in font pcrr8tn!
Missing character: There is no ’ in font pcrr8tn!


Package Fancyhdr Warning: \headheight is too small (12.0pt): 
 Make it at least 13.59999pt.
 We now make it that large for the rest of the document.
 This may cause the page layout to be inconsistent, however.

[34]
Missing character: There is no т in font pcrr8tn!
Missing character: There is no р in font pcrr8tn!
Missing character: There is no е in font pcrr8tn!
Missing character: There is no у in font pcrr8tn!
Missing character: There is no г in font pcrr8tn!
Missing character: There is no о in font pcrr8tn!
Missing character: There is no л in font pcrr8tn!
Missing character: There is no ь in font pcrr8tn!
Missing character: There is no н in font pcrr8tn!
Missing character: There is no ы in font pcrr8tn!
Missing character: There is no е in font pcrr8tn!
Missing character: There is no д in font pcrr8tn!
Missing character: There is no и in font pcrr8tn!
Missing character: There is no а in font pcrr8tn!
Missing character: There is no г in font pcrr8tn!
Missing character: There is no р in font pcrr8tn!
Missing character: There is no а in font pcrr8tn!
Missing character: There is no м in font pcrr8tn!
Missing character: There is no м in font pcrr8tn!
Missing character: There is no ы in font pcrr8tn!


Package Fancyhdr Warning: \headheight is too small (12.0pt): 
 Make it at least 13.59999pt.
 We now make it that large for the rest of the document.
 This may cause the page layout to be inconsistent, however.

[35]

Package Fancyhdr Warning: \headheight is too small (12.0pt): 
 Make it at least 13.59999pt.
 We now make it that large for the rest of the document.
 This may cause the page layout to be inconsistent, however.

[36]

Package Fancyhdr Warning: \headheight is too small (12.0pt): 
 Make it at least 13.59999pt.
 We now make it that large for the rest of the document.
 This may cause the page layout to be inconsistent, however.

[37]

Package Fancyhdr Warning: \headheight is too small (12.0pt): 
 Make it at least 13.59999pt.
 We now make it that large for the rest of the document.
 This may cause the page layout to be inconsistent, however.

[38]

Package Fancyhdr Warning: \headheight is too small (12.0pt): 
 Make it at least 13.59999pt.
 We now make it that large for the rest of the document.
 This may cause the page layout to be inconsistent, however.

[39]

Package Fancyhdr Warning: \headheight is too small (12.0pt): 
 Make it at least 13.59999pt.
 We now make it that large for the rest of the document.
 This may cause the page layout to be inconsistent, however.

[40]
Missing character: There is no с in font pcrr8tn!
Missing character: There is no м in font pcrr8tn!
Missing character: There is no о in font pcrr8tn!
Missing character: There is no т in font pcrr8tn!
Missing character: There is no р in font pcrr8tn!
Missing character: There is no и in font pcrr8tn!
Missing character: There is no м in font pcrr8tn!
Missing character: There is no ч in font pcrr8tn!
Missing character: There is no т in font pcrr8tn!
Missing character: There is no о in font pcrr8tn!
Missing character: There is no в in font pcrr8tn!
Missing character: There is no к in font pcrr8tn!
Missing character: There is no о in font pcrr8tn!
Missing character: There is no р in font pcrr8tn!
Missing character: There is no п in font pcrr8tn!
Missing character: There is no у in font pcrr8tn!
Missing character: There is no с in font pcrr8tn!
Missing character: There is no е in font pcrr8tn!
Missing character: There is no з in font pcrr8tn!
Missing character: There is no а in font pcrr8tn!
Missing character: There is no д in font pcrr8tn!
Missing character: There is no а in font pcrr8tn!
Missing character: There is no е in font pcrr8tn!
Missing character: There is no м in font pcrr8tn!
Missing character: There is no к in font pcrr8tn!
Missing character: There is no в in font pcrr8tn!
Missing character: There is no а in font pcrr8tn!
Missing character: There is no д in font pcrr8tn!
Missing character: There is no р in font pcrr8tn!
Missing character: There is no а in font pcrr8tn!
Missing character: There is no т in font pcrr8tn!


Package Fancyhdr Warning: \headheight is too small (12.0pt): 
 Make it at least 13.59999pt.
 We now make it that large for the rest of the document.
 This may cause the page layout to be inconsistent, however.

[41]

Package Fancyhdr Warning: \headheight is too small (12.0pt): 
 Make it at least 13.59999pt.
 We now make it that large for the rest of the document.
 This may cause the page layout to be inconsistent, however.

[42]

Package Fancyhdr Warning: \headheight is too small (12.0pt): 
 Make it at least 13.59999pt.
 We now make it that large for the rest of the document.
 This may cause the page layout to be inconsistent, however.

[43]

Package Fancyhdr Warning: \headheight is too small (12.0pt): 
 Make it at least 13.59999pt.
 We now make it that large for the rest of the document.
 This may cause the page layout to be inconsistent, however.

[44]

Package Fancyhdr Warning: \headheight is too small (12.0pt): 
 Make it at least 13.59999pt.
 We now make it that large for the rest of the document.
 This may cause the page layout to be inconsistent, however.

[45]

Package Fancyhdr Warning: \headheight is too small (12.0pt): 
 Make it at least 13.59999pt.
 We now make it that large for the rest of the document.
 This may cause the page layout to be inconsistent, however.

[46]

Package Fancyhdr Warning: \headheight is too small (12.0pt): 
 Make it at least 13.59999pt.
 We now make it that large for the rest of the document.
 This may cause the page layout to be inconsistent, however.

[47]
Appendix J.
Package acronym Info: Label `acro:AWI' newly defined as it shall be overridden
although it is yet undefined on input line 3844.
Missing character: There is no İ in font ptmr8t!
[48

]
Underfull \hbox (badness 10000) in paragraph at lines 3852--3853

 []


Underfull \hbox (badness 10000) in paragraph at lines 3854--3856

 []


Underfull \hbox (badness 10000) in paragraph at lines 3878--3879

 []


Package Fancyhdr Warning: \headheight is too small (12.0pt): 
 Make it at least 13.59999pt.
 We now make it that large for the rest of the document.
 This may cause the page layout to be inconsistent, however.

[49]
Appendix K.
Missing character: There is no — in font ptmr8t!
[50

]
Missing character: There is no – in font ptmr8t!
Missing character: There is no Č in font ptmr8t!
Missing character: There is no ́ in font ptmr8t!
Missing character: There is no ž in font ptmr8t!
Missing character: There is no – in font ptmr8t!

Overfull \hbox (0.70901pt too wide) in paragraph at lines 3883--3883
\T1/ptm/m/n/10.95 ern Chilean Trench and its tec-tonic im-pli-ca-tions^^Q. In: 
\T1/ptm/m/it/10.95 Jour-nal of Geo-dy-nam-ics \T1/ptm/m/n/10.95 66 (2013), pp. 
134^^U
 []


Package Fancyhdr Warning: \headheight is too small (12.0pt): 
 Make it at least 13.59999pt.
 We now make it that large for the rest of the document.
 This may cause the page layout to be inconsistent, however.

[51]
Overfull \hbox (3.50827pt too wide) in paragraph at lines 3883--3883
[]\T1/ptm/m/n/10.95 F. Crameri. ^^P  Geo-dy-namic di-ag-nos-tics, sci-en-tific 
vi-su-al-i-sa-tion and StagLab 3.0^^Q. In: \T1/ptm/m/it/10.95 Geosci. Model
 []

Missing character: There is no ’ in font ptmr8t!

Package Fancyhdr Warning: \headheight is too small (12.0pt): 
 Make it at least 13.59999pt.
 We now make it that large for the rest of the document.
 This may cause the page layout to be inconsistent, however.

[52]
Missing character: There is no ’ in font ptmr8t!
Missing character: There is no ’ in font ptmr8t!
Missing character: There is no — in font ptmr8t!

Overfull \hbox (1.76024pt too wide) in paragraph at lines 3883--3883
[]\T1/ptm/m/n/10.95 W. G. Ernst. ^^P  Sub-duc-tion, ultrahigh- pres-sure meta-m
or-phism, and re-gur-gi-ta-tion of buoy-ant crustal
 []

Missing character: There is no – in font ptmr8t!
Missing character: There is no – in font ptmr8t!
Missing character: There is no – in font ptmr8t!
Missing character: There is no – in font ptmr8t!

Package Fancyhdr Warning: \headheight is too small (12.0pt): 
 Make it at least 13.59999pt.
 We now make it that large for the rest of the document.
 This may cause the page layout to be inconsistent, however.

[53]
Missing character: There is no – in font ptmr8t!


Package Fancyhdr Warning: \headheight is too small (12.0pt): 
 Make it at least 13.59999pt.
 We now make it that large for the rest of the document.
 This may cause the page layout to be inconsistent, however.

[54]
Missing character: There is no – in font ptmr8t!


Package Fancyhdr Warning: \headheight is too small (12.0pt): 
 Make it at least 13.59999pt.
 We now make it that large for the rest of the document.
 This may cause the page layout to be inconsistent, however.

[55]
Missing character: There is no – in font ptmr8t!
Missing character: There is no – in font ptmr8t!
Missing character: There is no – in font ptmr8t!
Missing character: There is no – in font ptmr8t!


Package Fancyhdr Warning: \headheight is too small (12.0pt): 
 Make it at least 13.59999pt.
 We now make it that large for the rest of the document.
 This may cause the page layout to be inconsistent, however.

[56]

Package Fancyhdr Warning: \headheight is too small (12.0pt): 
 Make it at least 13.59999pt.
 We now make it that large for the rest of the document.
 This may cause the page layout to be inconsistent, however.

[57]
Missing character: There is no – in font ptmri8t!


Package Fancyhdr Warning: \headheight is too small (12.0pt): 
 Make it at least 13.59999pt.
 We now make it that large for the rest of the document.
 This may cause the page layout to be inconsistent, however.

[58]
Missing character: There is no – in font ptmri8t!


Package Fancyhdr Warning: \headheight is too small (12.0pt): 
 Make it at least 13.59999pt.
 We now make it that large for the rest of the document.
 This may cause the page layout to be inconsistent, however.

[59]
Missing character: There is no – in font ptmr8t!
Missing character: There is no – in font ptmr8t!
Missing character: There is no – in font ptmr8t!
Missing character: There is no – in font ptmr8t!

Overfull \hbox (33.3287pt too wide) in paragraph at lines 3883--3883
[]\T1/ptm/m/n/10.95 W. Mor-gan. ^^P  The lat-est global tec-ton-ics^^Q. Rus-sia
n. In: ed. by L. I.V. Moscow: Mir, 1974. Chap. Okeanich-
 []

Missing character: There is no ’ in font ptmr8t!

Package Fancyhdr Warning: \headheight is too small (12.0pt): 
 Make it at least 13.59999pt.
 We now make it that large for the rest of the document.
 This may cause the page layout to be inconsistent, however.

[60]
Missing character: There is no – in font ptmr8t!
Missing character: There is no ‘ in font ptmr8t!
Missing character: There is no ’ in font ptmr8t!


Package Fancyhdr Warning: \headheight is too small (12.0pt): 
 Make it at least 13.59999pt.
 We now make it that large for the rest of the document.
 This may cause the page layout to be inconsistent, however.

[61]
Missing character: There is no – in font ptmr8t!
Missing character: There is no – in font ptmr8t!


Package Fancyhdr Warning: \headheight is too small (12.0pt): 
 Make it at least 13.59999pt.
 We now make it that large for the rest of the document.
 This may cause the page layout to be inconsistent, however.

[62]

Package Fancyhdr Warning: \headheight is too small (12.0pt): 
 Make it at least 13.59999pt.
 We now make it that large for the rest of the document.
 This may cause the page layout to be inconsistent, however.

[63]
Missing character: There is no ’ in font ptmr8t!


Package Fancyhdr Warning: \headheight is too small (12.0pt): 
 Make it at least 13.59999pt.
 We now make it that large for the rest of the document.
 This may cause the page layout to be inconsistent, however.

[64]

Package Fancyhdr Warning: \headheight is too small (12.0pt): 
 Make it at least 13.59999pt.
 We now make it that large for the rest of the document.
 This may cause the page layout to be inconsistent, however.

[65]
Appendix L.
[66

]
runsystem(makeindex -s name-authors.ist name-authors.idx name-authors.idx)...ex
ecuted safely (allowed).

 (./name-authors.ind [67

]

Package Fancyhdr Warning: \headheight is too small (12.0pt): 
 Make it at least 13.59999pt.
 We now make it that large for the rest of the document.
 This may cause the page layout to be inconsistent, however.

[68]
Invalid UTF-8 byte or sequence at line 453 replaced by U+FFFD.
Missing character: There is no � in font ptmb8t!
Missing character: There is no Č in font ptmr8t!
Missing character: There is no ́ in font ptmr8t!
Missing character: There is no ž in font ptmr8t!
)

Package Fancyhdr Warning: \headheight is too small (12.0pt): 
 Make it at least 13.59999pt.
 We now make it that large for the rest of the document.
 This may cause the page layout to be inconsistent, however.

[69]
runsystem(makeindex -s places.ist places.idx places.idx)...executed safely (all
owed).

 (./places.ind
LaTeX Font Info:    Font shape `T1/phv/m/n' will be
(Font)              scaled to size 10.79993pt on input line 2.
Package microtype Info: Loading generic protrusion settings for font family
(microtype)             `phv' (encoding: T1).
(microtype)             For optimal results, create family-specific settings.
(microtype)             See the microtype manual for details.
LaTeX Font Info:    Font shape `T1/phv/bx/n' in size <12> not available
(Font)              Font shape `T1/phv/b/n' tried instead on input line 2.
LaTeX Font Info:    Font shape `T1/phv/b/n' will be
(Font)              scaled to size 10.79993pt on input line 2.
) [70

]
runsystem(makeindex -s concepts.ist concepts.idx concepts.idx)...executed safel
y (allowed).

 (./concepts.ind
LaTeX Font Info:    Font shape `T1/ptm/bx/n' in size <17.28> not available
(Font)              Font shape `T1/ptm/b/n' tried instead on input line 2.
Missing character: There is no ’ in font ptmr8t!
 [71

])

Package Fancyhdr Warning: \headheight is too small (12.0pt): 
 Make it at least 13.59999pt.
 We now make it that large for the rest of the document.
 This may cause the page layout to be inconsistent, however.

[72]
runsystem(makeindex year-title.idx)...executed safely (allowed).

 (./year-title.ind [73

]
Missing character: There is no – in font ptmri8t!
Missing character: There is no – in font ptmri8t!
Missing character: There is no — in font ptmri8t!


Package Fancyhdr Warning: \headheight is too small (12.0pt): 
 Make it at least 13.59999pt.
 We now make it that large for the rest of the document.
 This may cause the page layout to be inconsistent, however.

[74]
Missing character: There is no – in font ptmri8t!
Missing character: There is no – in font ptmri8t!
Missing character: There is no – in font ptmri8t!
Missing character: There is no – in font ptmri8t!
Missing character: There is no – in font ptmri8t!
Missing character: There is no – in font ptmri8t!
Missing character: There is no – in font ptmri8t!


Package Fancyhdr Warning: \headheight is too small (12.0pt): 
 Make it at least 13.59999pt.
 We now make it that large for the rest of the document.
 This may cause the page layout to be inconsistent, however.

[75]
Missing character: There is no – in font ptmri8t!
Missing character: There is no – in font ptmri8t!
Missing character: There is no ’ in font ptmri8t!
Missing character: There is no – in font ptmri8t!
Missing character: There is no – in font ptmri8t!
Missing character: There is no ’ in font ptmri8t!
Missing character: There is no – in font ptmri8t!
Missing character: There is no — in font ptmri8t!


Package Fancyhdr Warning: \headheight is too small (12.0pt): 
 Make it at least 13.59999pt.
 We now make it that large for the rest of the document.
 This may cause the page layout to be inconsistent, however.

[76]
Missing character: There is no – in font ptmri8t!
Missing character: There is no ’ in font ptmri8t!
Missing character: There is no ‘ in font ptmri8t!
Missing character: There is no ’ in font ptmri8t!


Package Fancyhdr Warning: \headheight is too small (12.0pt): 
 Make it at least 13.59999pt.
 We now make it that large for the rest of the document.
 This may cause the page layout to be inconsistent, however.

[77]
Missing character: There is no – in font ptmri8t!
Missing character: There is no – in font ptmri8t!


Package Fancyhdr Warning: \headheight is too small (12.0pt): 
 Make it at least 13.59999pt.
 We now make it that large for the rest of the document.
 This may cause the page layout to be inconsistent, however.

[78]
Missing character: There is no – in font ptmri8t!
Missing character: There is no – in font ptmri8t!


Package Fancyhdr Warning: \headheight is too small (12.0pt): 
 Make it at least 13.59999pt.
 We now make it that large for the rest of the document.
 This may cause the page layout to be inconsistent, however.

[79]

Package Fancyhdr Warning: \headheight is too small (12.0pt): 
 Make it at least 13.59999pt.
 We now make it that large for the rest of the document.
 This may cause the page layout to be inconsistent, however.

[80])

Package Fancyhdr Warning: \headheight is too small (12.0pt): 
 Make it at least 13.59999pt.
 We now make it that large for the rest of the document.
 This may cause the page layout to be inconsistent, however.

[81]
Using TeX to sort glossary entries---this may take a while
[82


] 
AED: lastpage setting LastPage
Package atveryend Info: Empty hook `BeforeClearDocument' on input line 3909.
Package atveryend Info: Empty hook `AfterLastShipout' on input line 3909.
(./PhD-Thesis-Lemenkova.aux)
Package atveryend Info: Empty hook `AtVeryEndDocument' on input line 3909.
Package atveryend Info: Executing hook `AtEndAfterFileList' on input line 3909.

Package rerunfilecheck Info: File `PhD-Thesis-Lemenkova.out' has not changed.
(rerunfilecheck)             Checksum: D428FB97CA00F6A251114771A22F23D5.


LaTeX Warning: There were undefined references.


LaTeX Warning: Label(s) may have changed. Rerun to get cross-references right.


Package biblatex Warning: Please (re)run Biber on the file:
(biblatex)                PhD-Thesis-Lemenkova
(biblatex)                and rerun LaTeX afterwards.

Package logreq Info: Writing requests to 'PhD-Thesis-Lemenkova.run.xml'.
\openout1 = `PhD-Thesis-Lemenkova.run.xml'.

 ) 
Here is how much of TeX's memory you used:
 43776 strings out of 492956
 792905 string characters out of 6133501
 1893548 words of memory out of 5000000
 47199 multiletter control sequences out of 15000+600000
 628714 words of font info for 165 fonts, out of 8000000 for 9000
 1348 hyphenation exceptions out of 8191
 47i,15n,78p,3088b,6455s stack positions out of 5000i,500n,10000p,200000b,80000s

Output written on PhD-Thesis-Lemenkova.pdf (177 pages).
